gameId,gameTypeId,gameDate,mP_ev,mP_pp,mP_sh,FW_ev,FW_pp,FW_sh,FL_ev,FL_pp,FL_sh,HG_ev,HG_pp,HG_sh,HT_ev,HT_pp,HT_sh,TW_ev,TW_pp,TW_sh,GW_ev,GW_pp,GW_sh,MD_ev,MD_pp,MD_sh,MC_ev,MC_pp,MC_sh,CF_neither_ev,CF_neither_pp,CF_neither_sh,CF_rush_ev,CF_rush_pp,CF_rush_sh,CF_rebound_ev,CF_rebound_pp,CF_rebound_sh,CF_both_ev,CF_both_pp,CF_both_sh,CA_neither_ev,CA_neither_pp,CA_neither_sh,CA_rush_ev,CA_rush_pp,CA_rush_sh,CA_rebound_ev,CA_rebound_pp,CA_rebound_sh,CA_both_ev,CA_both_pp,CA_both_sh,FF_neither_ev,FF_neither_pp,FF_neither_sh,FF_rush_ev,FF_rush_pp,FF_rush_sh,FF_rebound_ev,FF_rebound_pp,FF_rebound_sh,FF_both_ev,FF_both_pp,FF_both_sh,FA_neither_ev,FA_neither_pp,FA_neither_sh,FA_rush_ev,FA_rush_pp,FA_rush_sh,FA_rebound_ev,FA_rebound_pp,FA_rebound_sh,FA_both_ev,FA_both_pp,FA_both_sh,SF_neither_ev,SF_neither_pp,SF_neither_sh,SF_rush_ev,SF_rush_pp,SF_rush_sh,SF_rebound_ev,SF_rebound_pp,SF_rebound_sh,SF_both_ev,SF_both_pp,SF_both_sh,SA_neither_ev,SA_neither_pp,SA_neither_sh,SA_rush_ev,SA_rush_pp,SA_rush_sh,SA_rebound_ev,SA_rebound_pp,SA_rebound_sh,SA_both_ev,SA_both_pp,SA_both_sh,GF_neither_ev,GF_neither_pp,GF_neither_sh,GF_rush_ev,GF_rush_pp,GF_rush_sh,GF_rebound_ev,GF_rebound_pp,GF_rebound_sh,GF_both_ev,GF_both_pp,GF_both_sh,GA_neither_ev,GA_neither_pp,GA_neither_sh,GA_rush_ev,GA_rush_pp,GA_rush_sh,GA_rebound_ev,GA_rebound_pp,GA_rebound_sh,GA_both_ev,GA_both_pp,GA_both_sh,APF_neither_ev,APF_neither_pp,APF_neither_sh,APF_rush_ev,APF_rush_pp,APF_rush_sh,APF_rebound_ev,APF_rebound_pp,APF_rebound_sh,APF_both_ev,APF_both_pp,APF_both_sh,APA_neither_ev,APA_neither_pp,APA_neither_sh,APA_rush_ev,APA_rush_pp,APA_rush_sh,APA_rebound_ev,APA_rebound_pp,APA_rebound_sh,APA_both_ev,APA_both_pp,APA_both_sh,ASF_neither_ev,ASF_neither_pp,ASF_neither_sh,ASF_rush_ev,ASF_rush_pp,ASF_rush_sh,ASF_rebound_ev,ASF_rebound_pp,ASF_rebound_sh,ASF_both_ev,ASF_both_pp,ASF_both_sh,ASA_neither_ev,ASA_neither_pp,ASA_neither_sh,ASA_rush_ev,ASA_rush_pp,ASA_rush_sh,ASA_rebound_ev,ASA_rebound_pp,ASA_rebound_sh,ASA_both_ev,ASA_both_pp,ASA_both_sh,RCF_neither_ev,RCF_neither_pp,RCF_neither_sh,RCF_rush_ev,RCF_rush_pp,RCF_rush_sh,RCF_rebound_ev,RCF_rebound_pp,RCF_rebound_sh,RCF_both_ev,RCF_both_pp,RCF_both_sh,RCA_neither_ev,RCA_neither_pp,RCA_neither_sh,RCA_rush_ev,RCA_rush_pp,RCA_rush_sh,RCA_rebound_ev,RCA_rebound_pp,RCA_rebound_sh,RCA_both_ev,RCA_both_pp,RCA_both_sh
2011020004,2,2011-10-07,46.449999999999996,6.716666666666667,6.833333333333333,31,4,3,25,2,5,10,1,2,22,1,0,6,0,1,2,0,1,10,0,2,6,4,0,36,12,1,2,0,0,7,2,0,0,0,0,53,1,11,1,0,0,2,0,1,0,0,0,24,11,1,2,0,0,4,1,0,0,0,0,36,1,5,1,0,0,2,0,1,0,0,0,20,6,1,2,0,0,4,1,0,0,0,0,25,1,4,0,0,0,2,0,1,0,0,0,2,1,0,0,0,0,1,1,0,0,0,0,0,0,0,0,0,0,0,0,1,0,0,0,2,1,0,0,0,0,1,1,0,0,0,0,0,0,0,0,0,0,0,0,1,0,0,0,2,1,0,0,0,0,0,1,0,0,0,0,0,0,0,0,0,0,0,0,1,0,0,0,7,2,0,0,0,0,0,0,0,0,0,0,2,0,1,0,0,0,0,0,0,0,0,0
2011020010,2,2011-10-08,42.83333333333333,8.583333333333334,8.583333333333334,26,2,5,19,9,4,11,2,1,13,4,1,2,0,1,3,0,0,12,2,2,14,2,0,31,10,1,0,1,0,2,1,0,0,0,0,57,6,17,1,0,0,4,0,0,0,0,0,25,8,1,0,1,0,1,1,0,0,0,0,44,3,11,1,0,0,4,0,0,0,0,0,16,7,0,0,1,0,1,1,0,0,0,0,30,1,6,1,0,0,4,0,0,0,0,0,1,0,0,0,0,0,0,0,0,0,0,0,2,0,0,0,0,0,2,0,0,0,0,0,1,0,0,0,0,0,0,0,0,0,0,0,2,0,0,0,0,0,2,0,0,0,0,0,1,0,0,0,0,0,0,0,0,0,0,0,2,0,0,0,0,0,2,0,0,0,0,0,2,1,0,0,0,0,0,0,0,0,0,0,4,0,0,0,0,0,0,0,0,0,0,0
2011020029,2,2011-10-10,50.43333333333333,5.333333333333333,9.233333333333333,28,1,5,22,3,7,20,2,5,31,2,0,4,2,1,8,0,1,4,0,6,12,0,2,32,12,1,7,0,1,1,0,0,0,0,0,55,2,14,4,0,1,5,0,3,1,0,0,24,10,1,4,0,1,1,0,0,0,0,0,38,2,11,2,0,1,5,0,2,1,0,0,17,7,0,2,0,1,1,0,0,0,0,0,27,1,8,1,0,0,3,0,2,1,0,0,4,0,0,0,0,0,1,0,0,0,0,0,1,0,0,1,0,0,2,0,0,1,0,0,4,0,0,0,0,0,1,0,0,0,0,0,1,0,0,0,0,0,2,0,0,1,0,0,3,0,0,0,0,0,1,0,0,0,0,0,1,0,0,0,0,0,1,0,0,1,0,0,1,0,0,0,0,0,0,0,0,0,0,0,5,0,3,0,0,0,0,0,1,0,0,0
2011020038,2,2011-10-13,51.416666666666664,4.333333333333333,4.25,20,2,5,23,2,1,13,0,0,28,1,0,17,0,1,4,2,0,8,0,0,4,4,2,38,8,2,8,0,0,5,0,0,0,0,0,40,4,7,1,0,0,4,0,0,1,0,0,29,5,2,5,0,0,5,0,0,0,0,0,27,4,7,1,0,0,4,0,0,1,0,0,22,2,1,5,0,0,5,0,0,0,0,0,20,3,5,1,0,0,4,0,0,1,0,0,0,0,0,1,0,0,0,0,0,0,0,0,0,0,0,1,0,0,3,0,0,1,0,0,0,0,0,1,0,0,0,0,0,0,0,0,0,0,0,1,0,0,2,0,0,1,0,0,0,0,0,0,0,0,0,0,0,0,0,0,0,0,0,0,0,0,2,0,0,0,0,0,3,0,0,1,0,0,1,0,0,0,0,0,5,0,0,0,0,0,0,0,0,0,0,0
2011020056,2,2011-10-15,50.61666666666667,4,10.383333333333333,17,3,6,21,3,5,37,1,3,26,1,1,2,0,2,1,0,0,4,2,17,12,0,19,48,2,0,0,0,0,0,3,0,0,0,0,38,1,21,0,0,0,2,0,3,0,0,0,37,2,0,0,0,0,0,3,0,0,0,0,31,1,17,0,0,0,2,0,3,0,0,0,26,1,0,0,0,0,0,3,0,0,0,0,20,0,13,0,0,0,2,0,3,0,0,0,2,0,0,0,0,0,0,0,0,0,0,0,0,0,2,0,0,0,0,0,0,0,0,0,2,0,0,0,0,0,0,0,0,0,0,0,0,0,2,0,0,0,0,0,0,0,0,0,1,0,0,0,0,0,0,0,0,0,0,0,0,0,2,0,0,0,0,0,0,0,0,0,0,1,0,0,0,0,0,2,0,0,0,0,2,0,2,0,0,0,0,0,1,0,0,0
2011020065,2,2011-10-17,41.266666666666666,5.933333333333334,12.8,22,3,4,23,3,13,18,0,3,18,1,1,2,0,2,8,2,0,4,2,5,13,10,10,42,7,3,2,1,0,1,0,0,0,0,0,29,2,24,3,1,0,0,0,1,0,0,0,36,5,3,2,1,0,1,0,0,0,0,0,23,1,21,2,1,0,0,0,0,0,0,0,29,4,3,1,1,0,1,0,0,0,0,0,13,1,16,2,1,0,0,0,0,0,0,0,2,1,0,0,0,0,1,0,0,0,0,0,1,0,5,0,1,0,0,0,0,0,0,0,2,1,0,0,0,0,1,0,0,0,0,0,1,0,5,0,0,0,0,0,0,0,0,0,2,1,0,0,0,0,1,0,0,0,0,0,1,0,5,0,0,0,0,0,0,0,0,0,1,0,0,0,0,0,0,0,0,0,0,0,0,0,1,0,0,0,0,0,0,0,0,0
2011020084,2,2011-10-20,53.11666666666667,4.066666666666666,2.816666666666667,26,4,1,25,1,0,12,1,2,13,0,0,7,0,0,4,3,0,8,0,0,0,6,0,52,8,3,4,0,0,1,1,0,0,0,0,36,1,2,0,0,0,0,0,0,0,0,0,34,4,3,3,0,0,1,1,0,0,0,0,27,1,1,0,0,0,0,0,0,0,0,0,21,2,2,3,0,0,1,1,0,0,0,0,15,1,1,0,0,0,0,0,0,0,0,0,2,0,0,1,0,0,0,1,0,0,0,0,1,0,0,0,0,0,0,0,0,0,0,0,2,0,0,1,0,0,0,1,0,0,0,0,1,0,0,0,0,0,0,0,0,0,0,0,0,0,0,0,0,0,0,1,0,0,0,0,1,0,0,0,0,0,0,0,0,0,0,0,1,1,0,0,0,0,0,0,0,0,0,0,0,0,0,0,0,0,0,0,0,0,0,0
2011020104,2,2011-10-22,52,2,6,21,1,5,24,0,1,19,0,1,21,0,0,8,0,1,4,2,1,2,0,2,8,0,0,30,1,3,4,0,0,2,0,0,0,0,0,40,1,11,2,1,0,0,0,0,0,0,0,25,0,3,4,0,0,2,0,0,0,0,0,24,1,6,1,1,0,0,0,0,0,0,0,21,0,2,2,0,0,1,0,0,0,0,0,15,1,3,1,1,0,0,0,0,0,0,0,1,0,1,0,0,0,1,0,0,0,0,0,0,0,0,0,0,0,0,0,0,0,0,0,1,0,1,0,0,0,1,0,0,0,0,0,0,0,0,0,0,0,0,0,0,0,0,0,1,0,0,0,0,0,1,0,0,0,0,0,0,0,0,0,0,0,0,0,0,0,0,0,1,0,0,0,0,0,1,0,0,0,0,0,0,0,0,0,0,0,0,0,0,0,0,0
2011020113,2,2011-10-25,48.8,5.6,5.6,19,3,4,30,2,4,14,1,1,16,1,1,4,0,1,5,1,1,11,0,2,6,7,0,26,5,1,2,0,0,1,0,0,0,0,0,48,0,8,1,0,0,4,0,0,0,0,0,20,4,1,2,0,0,1,0,0,0,0,0,36,0,6,1,0,0,4,0,0,0,0,0,16,3,1,2,0,0,1,0,0,0,0,0,31,0,3,1,0,0,4,0,0,0,0,0,3,0,0,0,0,0,1,0,0,0,0,0,2,0,1,0,0,0,0,0,0,0,0,0,3,0,0,0,0,0,1,0,0,0,0,0,2,0,1,0,0,0,0,0,0,0,0,0,2,0,0,0,0,0,0,0,0,0,0,0,2,0,1,0,0,0,0,0,0,0,0,0,1,0,0,0,0,0,0,0,0,0,0,0,2,0,0,0,0,0,2,0,0,0,0,0
2011020131,2,2011-10-27,50.9,3.1,6,21,2,3,30,1,5,18,0,0,24,0,0,8,0,3,6,1,0,6,0,0,8,0,0,50,8,0,2,0,0,1,1,0,0,0,0,35,0,7,3,0,0,1,0,0,0,0,0,34,7,0,1,0,0,1,1,0,0,0,0,27,0,5,3,0,0,1,0,0,0,0,0,24,5,0,1,0,0,1,1,0,0,0,0,21,0,3,2,0,0,1,0,0,0,0,0,2,0,0,0,0,0,0,1,0,0,0,0,4,0,0,1,0,0,0,0,0,0,0,0,2,0,0,0,0,0,0,1,0,0,0,0,4,0,0,1,0,0,0,0,0,0,0,0,2,0,0,0,0,0,0,1,0,0,0,0,4,0,0,0,0,0,0,0,0,0,0,0,1,1,0,0,0,0,0,0,0,0,0,0,1,0,0,0,0,0,0,0,0,0,0,0
2011020146,2,2011-10-29,49.56666666666666,6.433333333333334,4,21,3,2,21,6,3,22,2,2,17,1,1,6,0,1,6,2,0,8,0,0,4,0,0,39,9,0,2,0,0,1,1,0,0,0,0,40,1,7,1,0,0,1,0,1,0,0,0,27,9,0,1,0,0,1,1,0,0,0,0,27,1,7,1,0,0,1,0,0,0,0,0,21,4,0,1,0,0,0,1,0,0,0,0,18,1,7,1,0,0,1,0,0,0,0,0,0,0,0,0,0,0,0,1,0,0,0,0,0,0,0,0,0,0,0,0,0,0,0,0,0,0,0,0,0,0,0,1,0,0,0,0,0,0,0,0,0,0,0,0,0,0,0,0,0,0,0,0,0,0,0,1,0,0,0,0,0,0,0,0,0,0,0,0,0,0,0,0,1,1,0,0,0,0,0,0,0,0,0,0,1,0,1,0,0,0,0,0,0,0,0,0
2011020162,2,2011-11-01,54.03333333333333,2,3.966666666666667,29,2,2,22,1,4,17,1,0,25,1,0,3,0,0,2,0,0,0,6,0,2,0,2,49,13,2,1,0,0,6,0,0,1,0,0,39,0,10,0,0,0,4,0,2,0,0,0,35,8,2,1,0,0,5,0,0,1,0,0,29,0,8,0,0,0,4,0,2,0,0,0,21,4,1,1,0,0,3,0,0,0,0,0,20,0,5,0,0,0,4,0,2,0,0,0,0,0,0,0,0,0,2,0,0,0,0,0,3,0,0,0,0,0,0,0,1,0,0,0,0,0,0,0,0,0,2,0,0,0,0,0,3,0,0,0,0,0,0,0,1,0,0,0,0,0,0,0,0,0,2,0,0,0,0,0,0,0,0,0,0,0,0,0,1,0,0,0,6,0,0,1,0,0,0,0,0,0,0,0,3,0,2,0,0,0,1,0,0,0,0,0
2011020181,2,2011-11-04,60.99999999999999,0.6,2.5,32,0,1,25,1,1,26,0,0,17,1,0,10,0,0,4,1,1,2,0,0,4,0,0,41,0,1,5,1,0,5,0,1,0,0,0,53,1,6,6,0,0,1,0,0,0,0,0,30,0,0,4,1,0,5,0,1,0,0,0,34,1,6,4,0,0,1,0,0,0,0,0,23,0,0,2,1,0,5,0,1,0,0,0,24,1,5,2,0,0,0,0,0,0,0,0,3,0,0,0,1,0,1,0,0,0,0,0,2,0,1,1,0,0,0,0,0,0,0,0,3,0,0,0,1,0,1,0,0,0,0,0,2,0,1,0,0,0,0,0,0,0,0,0,2,0,0,0,1,0,1,0,0,0,0,0,2,0,1,0,0,0,0,0,0,0,0,0,3,0,1,0,0,0,2,0,0,0,0,0,1,0,0,0,0,0,0,0,0,0,0,0
2011020196,2,2011-11-06,57.6,5.033333333333333,2.3666666666666667,22,3,1,31,2,1,27,1,1,18,1,0,8,0,0,1,0,0,6,0,0,4,0,0,35,9,1,2,0,0,4,1,0,0,0,0,52,0,3,5,0,1,3,0,0,0,0,0,29,7,0,2,0,0,4,1,0,0,0,0,43,0,2,5,0,1,2,0,0,0,0,0,26,5,0,2,0,0,3,1,0,0,0,0,32,0,2,5,0,1,1,0,0,0,0,0,1,0,0,0,0,0,2,0,0,0,0,0,1,0,1,1,0,0,0,0,0,0,0,0,1,0,0,0,0,0,2,0,0,0,0,0,1,0,1,1,0,0,0,0,0,0,0,0,1,0,0,0,0,0,2,0,0,0,0,0,1,0,1,0,0,0,0,0,0,0,0,0,3,1,0,0,0,0,0,1,0,0,0,0,3,0,0,0,0,0,0,0,0,0,0,0
2011020212,2,2011-11-09,43.81666666666667,11.9,6.783333333333333,20,6,6,25,4,3,15,1,2,17,1,0,8,1,1,7,4,0,15,2,2,10,5,0,37,13,1,2,1,0,4,1,0,0,0,0,25,3,13,3,1,0,0,0,0,0,0,0,27,8,1,2,1,0,4,1,0,0,0,0,17,3,10,3,1,0,0,0,0,0,0,0,14,5,0,2,1,0,1,1,0,0,0,0,7,1,5,1,1,0,0,0,0,0,0,0,0,0,0,0,0,0,1,1,0,0,0,0,0,0,1,0,0,0,0,0,0,0,0,0,0,0,0,0,0,0,1,1,0,0,0,0,0,0,1,0,0,0,0,0,0,0,0,0,0,0,0,0,0,0,1,1,0,0,0,0,0,0,1,0,0,0,0,0,0,0,0,0,3,1,0,0,0,0,1,0,0,0,0,0,0,0,0,0,0,0,0,0,0,0,0,0
2011020236,2,2011-11-12,47.95,6.05,6,21,6,8,19,4,3,11,0,1,20,1,0,1,0,2,3,0,0,8,2,2,6,2,2,19,13,0,1,0,0,1,1,0,0,0,0,41,1,7,3,0,1,0,0,3,1,0,1,12,11,0,1,0,0,1,1,0,0,0,0,28,1,4,1,0,1,0,0,2,0,0,1,9,7,0,1,0,0,1,1,0,0,0,0,17,1,2,1,0,1,0,0,1,0,0,1,0,0,0,0,0,0,0,0,0,0,0,0,2,1,0,0,0,0,0,0,0,0,0,0,0,0,0,0,0,0,0,0,0,0,0,0,2,1,0,0,0,0,0,0,0,0,0,0,0,0,0,0,0,0,0,0,0,0,0,0,2,0,0,0,0,0,0,0,0,0,0,0,1,1,0,0,0,0,0,0,0,0,0,0,0,0,1,1,0,1,0,0,2,0,0,0
2011020246,2,2011-11-14,47.38333333333333,10.716666666666667,1.9,20,6,1,28,4,2,8,1,0,15,1,0,1,0,0,3,0,0,6,6,2,4,0,2,36,14,1,1,1,0,1,1,0,0,0,0,43,4,4,1,0,0,5,0,0,0,0,0,30,10,1,0,1,0,1,1,0,0,0,0,40,3,4,1,0,0,5,0,0,0,0,0,21,9,1,0,0,0,0,1,0,0,0,0,30,2,1,1,0,0,5,0,0,0,0,0,2,0,0,0,0,0,0,0,0,0,0,0,4,0,1,0,0,0,0,0,0,0,0,0,2,0,0,0,0,0,0,0,0,0,0,0,4,0,1,0,0,0,0,0,0,0,0,0,1,0,0,0,0,0,0,0,0,0,0,0,2,0,1,0,0,0,0,0,0,0,0,0,1,1,0,0,0,0,0,0,0,0,0,0,5,0,0,0,0,0,0,0,0,0,0,0
2011020263,2,2011-11-17,44.03333333333334,7.05,8.916666666666666,17,4,5,19,2,7,21,0,1,13,0,1,5,0,2,12,2,1,6,2,6,8,6,2,17,8,0,2,0,1,0,3,0,0,0,0,43,3,22,5,0,1,1,0,0,0,0,0,12,6,0,1,0,1,0,2,0,0,0,0,28,3,13,4,0,1,1,0,0,0,0,0,9,5,0,1,0,1,0,2,0,0,0,0,19,2,10,2,0,0,1,0,0,0,0,0,0,1,0,1,0,1,0,1,0,0,0,0,1,0,0,0,0,0,0,0,0,0,0,0,0,1,0,0,0,0,0,1,0,0,0,0,1,0,0,0,0,0,0,0,0,0,0,0,0,1,0,0,0,0,0,1,0,0,0,0,1,0,0,0,0,0,0,0,0,0,0,0,0,2,0,0,0,0,0,1,0,0,0,0,1,0,0,0,0,0,0,0,0,0,0,0
2011020280,2,2011-11-19,43.766666666666666,6.85,9.383333333333333,19,4,9,21,5,4,18,1,1,24,1,1,5,1,2,3,2,0,4,6,2,8,6,2,27,13,1,2,0,0,0,2,0,0,0,0,14,3,13,3,1,0,0,0,2,0,0,0,17,8,1,1,0,0,0,2,0,0,0,0,10,2,9,3,0,0,0,0,2,0,0,0,15,5,1,0,0,0,0,2,0,0,0,0,9,1,9,3,0,0,0,0,2,0,0,0,2,0,0,0,0,0,0,0,0,0,0,0,1,0,1,1,0,0,0,0,1,0,0,0,2,0,0,0,0,0,0,0,0,0,0,0,1,0,1,0,0,0,0,0,1,0,0,0,2,0,0,0,0,0,0,0,0,0,0,0,0,0,1,0,0,0,0,0,1,0,0,0,0,1,0,0,0,0,0,1,0,0,0,0,0,0,2,0,0,0,0,0,0,0,0,0
2011020297,2,2011-11-22,47.900000000000006,7.316666666666666,4.783333333333333,23,6,3,21,4,4,19,3,0,16,4,0,4,0,1,8,0,0,10,2,4,10,2,2,39,10,0,1,0,0,5,0,0,0,0,0,32,2,10,2,0,0,3,0,1,0,0,0,28,10,0,1,0,0,3,0,0,0,0,0,23,1,6,1,0,0,3,0,1,0,0,0,20,4,0,1,0,0,3,0,0,0,0,0,17,1,4,1,0,0,2,0,1,0,0,0,0,1,0,0,0,0,0,0,0,0,0,0,4,0,1,1,0,0,0,0,1,0,0,0,0,1,0,0,0,0,0,0,0,0,0,0,4,0,1,0,0,0,0,0,1,0,0,0,0,1,0,0,0,0,0,0,0,0,0,0,4,0,1,0,0,0,0,0,1,0,0,0,4,0,0,0,0,0,1,0,0,0,0,0,3,0,1,0,0,0,0,0,0,0,0,0
2011020322,2,2011-11-25,54.300000000000004,1.9333333333333333,6.25,20,2,1,24,1,2,37,0,2,14,0,1,6,0,1,5,0,0,2,2,0,6,2,0,34,6,0,4,0,1,5,0,0,1,0,0,38,0,8,2,0,0,1,0,0,0,0,0,25,5,0,3,0,1,3,0,0,1,0,0,31,0,5,1,0,0,1,0,0,0,0,0,21,3,0,2,0,1,3,0,0,1,0,0,20,0,2,1,0,0,1,0,0,0,0,0,0,1,0,0,0,0,1,0,0,0,0,0,0,0,0,1,0,0,0,0,0,0,0,0,0,1,0,0,0,0,1,0,0,0,0,0,0,0,0,1,0,0,0,0,0,0,0,0,0,1,0,0,0,0,0,0,0,0,0,0,0,0,0,0,0,0,0,0,0,0,0,0,3,0,0,1,0,0,1,0,0,1,0,0,1,0,0,0,0,0,0,0,0,0,0,0
2011020332,2,2011-11-26,45.3,3.35,11.35,17,1,7,15,1,5,29,0,3,16,0,3,3,0,3,7,1,1,4,0,0,8,2,2,38,5,3,6,0,0,2,0,1,0,0,0,37,0,12,1,0,0,1,0,0,0,0,0,28,3,3,4,0,0,2,0,1,0,0,0,25,0,9,1,0,0,1,0,0,0,0,0,22,2,3,4,0,0,2,0,1,0,0,0,17,0,6,1,0,0,1,0,0,0,0,0,2,0,0,1,0,0,2,0,0,0,0,0,0,0,0,1,0,0,0,0,0,0,0,0,2,0,0,0,0,0,2,0,0,0,0,0,0,0,0,1,0,0,0,0,0,0,0,0,1,0,0,0,0,0,1,0,0,0,0,0,0,0,0,0,0,0,0,0,0,0,0,0,1,0,1,1,0,0,0,0,0,0,0,0,1,0,0,0,0,0,0,0,0,0,0,0
2011020341,2,2011-11-28,52,4,4,13,1,2,23,5,0,11,0,1,14,0,0,4,0,1,3,1,0,4,0,0,2,0,2,61,7,3,3,0,1,2,0,0,0,0,0,33,2,5,2,1,0,2,0,1,0,0,0,41,6,3,1,0,1,2,0,0,0,0,0,24,1,4,2,1,0,1,0,1,0,0,0,23,4,2,1,0,1,2,0,0,0,0,0,18,1,3,1,1,0,0,0,0,0,0,0,1,0,0,0,0,0,0,0,0,0,0,0,1,1,0,0,1,0,0,0,0,0,0,0,0,0,0,0,0,0,0,0,0,0,0,0,1,1,0,0,1,0,0,0,0,0,0,0,0,0,0,0,0,0,0,0,0,0,0,0,0,1,0,0,0,0,0,0,0,0,0,0,2,0,0,0,0,0,0,0,0,0,0,0,2,0,1,0,0,0,0,0,0,0,0,0
2011020354,2,2011-11-30,44.416666666666664,7.433333333333334,8.15,16,5,4,31,6,7,21,0,2,12,2,0,6,0,1,4,1,1,8,0,0,8,0,2,23,19,4,3,0,0,0,0,0,0,0,0,34,7,12,1,0,0,1,0,2,0,0,0,17,8,3,2,0,0,0,0,0,0,0,0,22,7,10,1,0,0,1,0,2,0,0,0,13,6,2,2,0,0,0,0,0,0,0,0,17,6,8,1,0,0,1,0,2,0,0,0,1,1,0,0,0,0,0,0,0,0,0,0,2,0,1,0,0,0,1,0,0,0,0,0,1,1,0,0,0,0,0,0,0,0,0,0,2,0,1,0,0,0,1,0,0,0,0,0,1,1,0,0,0,0,0,0,0,0,0,0,1,0,1,0,0,0,1,0,0,0,0,0,0,0,0,0,0,0,0,0,0,0,0,0,1,0,2,0,0,0,0,0,0,0,0,0
2011020377,2,2011-12-03,55.81666666666667,2,2.183333333333333,26,2,1,33,0,1,13,0,0,26,0,0,13,0,0,10,0,0,2,0,0,2,2,0,34,2,1,5,0,0,1,0,0,0,0,0,42,1,4,5,0,0,4,0,0,0,0,0,26,2,1,3,0,0,1,0,0,0,0,0,33,1,4,5,0,0,4,0,0,0,0,0,19,2,1,3,0,0,1,0,0,0,0,0,25,1,2,4,0,0,4,0,0,0,0,0,1,0,0,1,0,0,0,0,0,0,0,0,0,1,0,0,0,0,3,0,0,0,0,0,1,0,0,1,0,0,0,0,0,0,0,0,0,1,0,0,0,0,3,0,0,0,0,0,1,0,0,1,0,0,0,0,0,0,0,0,0,0,0,0,0,0,2,0,0,0,0,0,1,0,0,0,0,0,0,0,0,0,0,0,4,0,0,0,0,0,0,0,0,0,0,0
2011020389,2,2011-12-05,48,6,6,25,5,2,33,3,2,14,0,1,20,0,1,9,1,1,7,2,0,2,4,0,6,0,0,37,18,1,3,0,0,6,0,0,0,0,0,43,1,7,1,0,0,2,0,1,0,0,0,26,9,1,3,0,0,5,0,0,0,0,0,34,1,6,1,0,0,2,0,1,0,0,0,20,6,0,3,0,0,4,0,0,0,0,0,25,1,3,0,0,0,2,0,0,0,0,0,0,0,0,1,0,0,1,0,0,0,0,0,3,0,0,0,0,0,1,0,0,0,0,0,0,0,0,1,0,0,1,0,0,0,0,0,3,0,0,0,0,0,1,0,0,0,0,0,0,0,0,0,0,0,1,0,0,0,0,0,3,0,0,0,0,0,1,0,0,0,0,0,6,0,0,0,0,0,0,0,0,0,0,0,2,0,1,0,0,0,0,0,0,0,0,0
2011020393,2,2011-12-06,46.06666666666666,6,7.933333333333334,20,4,5,18,3,3,11,0,1,20,0,1,4,1,3,4,2,0,4,2,0,8,0,2,34,10,1,2,0,0,1,0,0,0,0,0,42,4,11,1,0,0,1,0,1,0,0,0,22,6,1,2,0,0,0,0,0,0,0,0,31,2,7,1,0,0,1,0,0,0,0,0,16,5,1,2,0,0,0,0,0,0,0,0,24,2,6,1,0,0,1,0,0,0,0,0,1,0,0,0,0,0,0,0,0,0,0,0,3,0,2,0,0,0,0,0,0,0,0,0,1,0,0,0,0,0,0,0,0,0,0,0,3,0,2,0,0,0,0,0,0,0,0,0,1,0,0,0,0,0,0,0,0,0,0,0,3,0,2,0,0,0,0,0,0,0,0,0,1,0,0,0,0,0,0,0,0,0,0,0,1,0,1,0,0,0,0,0,0,0,0,0
2011020408,2,2011-12-08,47.05,6.683333333333334,11.266666666666667,17,4,7,18,2,2,24,0,2,20,2,3,5,0,1,2,0,0,6,24,0,14,20,0,48,9,3,3,0,0,0,0,0,0,0,0,41,5,10,3,0,1,2,0,0,0,0,0,34,6,2,3,0,0,0,0,0,0,0,0,24,4,7,2,0,1,1,0,0,0,0,0,23,4,2,2,0,0,0,0,0,0,0,0,17,3,6,2,0,1,1,0,0,0,0,0,0,0,1,1,0,0,0,0,0,0,0,0,0,1,1,0,0,0,0,0,0,0,0,0,0,0,1,0,0,0,0,0,0,0,0,0,0,1,1,0,0,0,0,0,0,0,0,0,0,0,1,0,0,0,0,0,0,0,0,0,0,1,1,0,0,0,0,0,0,0,0,0,0,0,0,0,0,0,0,0,0,0,0,0,2,0,0,0,0,0,0,0,0,0,0,0
2011020425,2,2011-12-10,45.016666666666666,6.733333333333333,8.25,23,4,2,22,5,4,26,3,1,18,2,0,4,1,0,6,0,0,8,0,0,8,0,2,30,7,1,1,1,0,3,0,0,0,0,0,37,5,15,7,0,0,2,0,1,0,0,0,20,4,0,1,0,0,2,0,0,0,0,0,20,4,10,4,0,0,2,0,1,0,0,0,14,3,0,1,0,0,1,0,0,0,0,0,15,3,7,4,0,0,2,0,1,0,0,0,2,0,0,0,0,0,0,0,0,0,0,0,0,1,1,2,0,0,0,0,1,0,0,0,2,0,0,0,0,0,0,0,0,0,0,0,0,1,1,2,0,0,0,0,1,0,0,0,2,0,0,0,0,0,0,0,0,0,0,0,0,1,1,1,0,0,0,0,1,0,0,0,3,0,0,0,0,0,0,0,0,0,0,0,2,0,1,0,0,0,0,0,0,0,0,0
2011020435,2,2011-12-12,45.333333333333336,8.766666666666667,5.9,20,6,3,20,9,5,20,0,2,17,1,1,4,0,0,7,4,1,13,2,10,21,0,0,38,20,0,5,0,1,0,0,0,0,0,0,25,2,9,4,0,0,1,0,0,1,0,0,29,19,0,5,0,0,0,0,0,0,0,0,17,2,8,2,0,0,1,0,0,1,0,0,19,12,0,5,0,0,0,0,0,0,0,0,11,2,5,2,0,0,1,0,0,1,0,0,2,2,0,0,0,0,0,0,0,0,0,0,1,1,1,0,0,0,1,0,0,1,0,0,2,2,0,0,0,0,0,0,0,0,0,0,1,1,1,0,0,0,1,0,0,1,0,0,2,2,0,0,0,0,0,0,0,0,0,0,1,1,1,0,0,0,1,0,0,0,0,0,0,0,0,0,0,0,0,0,0,0,0,0,2,0,0,0,0,0,0,0,0,0,0,0
2011020455,2,2011-12-15,53.11666666666667,1.6833333333333333,5.7,31,2,3,26,1,2,19,0,0,17,1,0,7,0,0,6,0,2,4,0,0,4,2,2,42,3,0,2,0,0,3,0,0,0,0,0,41,1,15,4,0,0,1,0,0,1,0,0,35,2,0,1,0,0,3,0,0,0,0,0,28,1,10,4,0,0,1,0,0,1,0,0,29,1,0,1,0,0,3,0,0,0,0,0,15,1,7,2,0,0,1,0,0,1,0,0,3,1,0,0,0,0,1,0,0,0,0,0,2,0,1,0,0,0,0,0,0,1,0,0,3,1,0,0,0,0,1,0,0,0,0,0,2,0,1,0,0,0,0,0,0,1,0,0,3,1,0,0,0,0,1,0,0,0,0,0,1,0,1,0,0,0,0,0,0,1,0,0,2,0,0,0,0,0,1,0,0,0,0,0,1,0,0,1,0,0,0,0,0,0,0,0
2011020472,2,2011-12-17,49.7,3.8666666666666667,6.433333333333334,27,4,3,26,1,1,18,1,1,25,0,1,2,0,1,1,0,1,6,0,0,6,4,0,36,1,0,1,0,0,0,0,0,0,0,0,34,5,13,2,0,0,2,0,0,0,0,0,36,1,0,1,0,0,0,0,0,0,0,0,27,3,10,2,0,0,2,0,0,0,0,0,26,1,0,1,0,0,0,0,0,0,0,0,18,0,6,2,0,0,2,0,0,0,0,0,3,0,0,0,0,0,0,0,0,0,0,0,0,0,1,0,0,0,1,0,0,0,0,0,3,0,0,0,0,0,0,0,0,0,0,0,0,0,1,0,0,0,1,0,0,0,0,0,2,0,0,0,0,0,0,0,0,0,0,0,0,0,1,0,0,0,1,0,0,0,0,0,0,0,0,0,0,0,0,0,0,0,0,0,2,0,0,0,0,0,0,0,0,0,0,0
2011020499,2,2011-12-21,48.46666666666667,8.05,3.4833333333333334,24,2,3,27,4,8,24,0,2,11,2,1,10,1,0,4,3,0,6,0,4,8,0,0,41,9,0,4,0,0,0,3,0,0,0,0,46,0,10,4,1,0,7,0,3,0,0,1,26,8,0,3,0,0,0,0,0,0,0,0,35,0,8,2,1,0,7,0,3,0,0,1,15,6,0,3,0,0,0,0,0,0,0,0,24,0,6,2,1,0,7,0,2,0,0,1,0,0,0,2,0,0,0,0,0,0,0,0,2,0,0,0,0,0,3,0,2,0,0,0,0,0,0,2,0,0,0,0,0,0,0,0,2,0,0,0,0,0,2,0,2,0,0,0,0,0,0,0,0,0,0,0,0,0,0,0,1,0,0,0,0,0,1,0,2,0,0,0,0,3,0,0,0,0,0,0,0,0,0,0,5,0,4,1,0,0,1,0,0,0,0,0
2011020515,2,2011-12-23,51.63333333333333,6,6,10,3,1,36,2,2,20,0,0,24,1,0,8,0,1,1,0,0,4,2,0,2,0,4,43,6,0,1,0,0,1,0,0,0,0,0,39,3,9,1,0,0,3,1,1,0,0,0,32,4,0,1,0,0,1,0,0,0,0,0,29,3,7,1,0,0,3,0,0,0,0,0,28,1,0,1,0,0,0,0,0,0,0,0,20,2,4,1,0,0,2,0,0,0,0,0,1,0,0,0,0,0,0,0,0,0,0,0,1,0,0,0,0,0,1,0,0,0,0,0,1,0,0,0,0,0,0,0,0,0,0,0,1,0,0,0,0,0,1,0,0,0,0,0,1,0,0,0,0,0,0,0,0,0,0,0,1,0,0,0,0,0,1,0,0,0,0,0,1,0,0,0,0,0,0,0,0,0,0,0,3,1,1,0,0,0,0,0,0,0,0,0
2011020532,2,2011-12-27,46.6,5.4,8,28,2,3,19,2,4,22,1,0,20,2,1,8,0,2,6,1,0,16,4,7,23,0,2,23,4,0,3,0,0,2,0,0,0,0,0,52,1,9,5,0,0,6,0,0,0,0,0,18,4,0,1,0,0,2,0,0,0,0,0,37,1,5,2,0,0,6,0,0,0,0,0,12,1,0,1,0,0,2,0,0,0,0,0,24,0,1,2,0,0,5,0,0,0,0,0,2,1,0,1,0,0,1,0,0,0,0,0,0,0,0,0,0,0,1,0,0,0,0,0,2,1,0,1,0,0,1,0,0,0,0,0,0,0,0,0,0,0,1,0,0,0,0,0,1,1,0,0,0,0,1,0,0,0,0,0,0,0,0,0,0,0,1,0,0,0,0,0,2,0,0,0,0,0,0,0,0,0,0,0,6,0,0,0,0,0,0,0,0,0,0,0
2011020545,2,2011-12-29,48.95,6,5.05,19,5,5,16,2,2,22,0,0,17,1,0,5,0,2,3,3,1,6,0,0,4,0,2,27,8,0,1,0,0,3,1,0,0,0,0,52,2,11,2,0,0,1,0,1,0,0,0,20,4,0,0,0,0,3,1,0,0,0,0,33,1,9,1,0,0,0,0,1,0,0,0,15,3,0,0,0,0,3,1,0,0,0,0,25,0,7,1,0,0,0,0,1,0,0,0,3,0,0,0,0,0,1,0,0,0,0,0,2,0,1,0,0,0,0,0,0,0,0,0,3,0,0,0,0,0,1,0,0,0,0,0,2,0,1,0,0,0,0,0,0,0,0,0,3,0,0,0,0,0,1,0,0,0,0,0,2,0,1,0,0,0,0,0,0,0,0,0,2,2,0,0,0,0,0,0,0,0,0,0,1,0,1,0,0,0,0,0,0,0,0,0
2011020558,2,2011-12-31,49.7,4.766666666666667,5.533333333333333,26,3,4,24,4,5,15,0,1,15,0,0,6,0,2,9,1,0,10,0,0,6,4,2,49,4,2,4,0,0,2,1,0,0,0,0,40,1,10,4,0,0,0,0,0,0,0,0,35,4,2,4,0,0,1,1,0,0,0,0,30,0,8,4,0,0,0,0,0,0,0,0,21,3,2,4,0,0,1,1,0,0,0,0,20,0,3,3,0,0,0,0,0,0,0,0,4,1,0,0,0,0,0,0,0,0,0,0,0,0,2,0,0,0,0,0,0,0,0,0,4,1,0,0,0,0,0,0,0,0,0,0,0,0,2,0,0,0,0,0,0,0,0,0,4,1,0,0,0,0,0,0,0,0,0,0,0,0,2,0,0,0,0,0,0,0,0,0,1,1,0,0,0,0,1,0,0,0,0,0,0,0,0,0,0,0,0,0,0,0,0,0
2011020575,2,2012-01-03,41.766666666666666,9.25,8.983333333333333,24,3,6,22,4,7,26,2,2,25,7,0,4,1,0,6,3,0,12,2,17,15,0,18,44,11,1,4,1,0,1,0,0,0,0,0,43,2,18,1,0,1,2,0,1,0,0,0,32,4,1,4,1,0,1,0,0,0,0,0,30,2,18,1,0,1,2,0,1,0,0,0,16,2,1,4,1,0,0,0,0,0,0,0,24,2,13,1,0,0,1,0,1,0,0,0,3,0,0,0,0,0,0,0,0,0,0,0,4,0,1,0,0,0,1,0,1,0,0,0,3,0,0,0,0,0,0,0,0,0,0,0,4,0,1,0,0,0,1,0,1,0,0,0,1,0,0,0,0,0,0,0,0,0,0,0,4,0,1,0,0,0,1,0,1,0,0,0,1,0,0,0,0,0,0,0,0,0,0,0,2,0,1,0,0,0,0,0,0,0,0,0
2011020588,2,2012-01-05,50,6,4,20,3,3,30,4,3,19,0,1,22,0,0,3,0,0,5,3,0,9,2,0,2,5,2,49,15,1,4,0,0,4,0,0,1,0,0,34,1,11,3,1,0,2,0,1,0,0,0,34,14,1,3,0,0,4,0,0,0,0,0,24,0,8,1,1,0,2,0,0,0,0,0,21,7,1,3,0,0,4,0,0,0,0,0,17,0,4,1,1,0,1,0,0,0,0,0,0,0,0,0,0,0,1,0,0,0,0,0,1,0,1,0,1,0,1,0,0,0,0,0,0,0,0,0,0,0,1,0,0,0,0,0,1,0,1,0,1,0,1,0,0,0,0,0,0,0,0,0,0,0,1,0,0,0,0,0,1,0,1,0,0,0,1,0,0,0,0,0,5,0,0,0,0,0,0,0,0,0,0,0,2,0,1,0,0,0,0,0,0,0,0,0
2011020604,2,2012-01-07,55.78333333333333,2,2.216666666666667,25,1,0,25,3,2,14,1,0,26,2,0,3,0,0,13,0,1,2,0,0,2,2,0,47,2,0,2,0,0,1,0,0,0,0,0,44,2,3,9,0,0,1,0,0,1,0,0,29,1,0,2,0,0,1,0,0,0,0,0,31,2,2,7,0,0,1,0,0,1,0,0,22,1,0,0,0,0,1,0,0,0,0,0,20,1,2,4,0,0,0,0,0,1,0,0,1,0,0,0,0,0,0,0,0,0,0,0,2,0,1,0,0,0,0,0,0,0,0,0,1,0,0,0,0,0,0,0,0,0,0,0,2,0,1,0,0,0,0,0,0,0,0,0,1,0,0,0,0,0,0,0,0,0,0,0,1,0,1,0,0,0,0,0,0,0,0,0,1,0,0,0,0,0,0,0,0,0,0,0,1,0,0,1,0,0,0,0,0,0,0,0
2011020623,2,2012-01-10,52.333333333333336,6,6.666666666666667,27,3,6,28,3,3,26,1,0,24,0,3,11,0,0,5,2,0,4,2,0,8,0,0,45,9,0,4,0,0,2,1,0,0,0,0,32,1,10,5,2,0,2,1,0,1,0,0,34,7,0,3,0,0,2,1,0,0,0,0,21,1,8,3,1,0,2,1,0,1,0,0,20,6,0,3,0,0,2,0,0,0,0,0,16,1,3,3,1,0,2,1,0,1,0,0,1,1,0,0,0,0,2,0,0,0,0,0,1,0,0,0,0,0,1,1,0,1,0,0,1,1,0,0,0,0,2,0,0,0,0,0,1,0,0,0,0,0,1,1,0,1,0,0,1,1,0,0,0,0,2,0,0,0,0,0,1,0,0,0,0,0,1,0,0,1,0,0,2,1,0,0,0,0,0,0,0,0,0,0,2,1,0,1,0,0,0,0,0,0,0,0
2011020634,2,2012-01-12,54,4,2,24,2,1,24,2,1,27,1,0,22,0,0,6,0,0,7,2,0,4,0,5,7,0,0,46,5,0,2,0,0,3,1,0,0,0,0,50,0,4,2,0,0,4,0,0,0,0,0,35,3,0,2,0,0,3,1,0,0,0,0,34,0,3,2,0,0,4,0,0,0,0,0,27,3,0,2,0,0,3,1,0,0,0,0,25,0,2,1,0,0,4,0,0,0,0,0,1,0,0,1,0,0,0,0,0,0,0,0,4,0,0,0,0,0,1,0,0,0,0,0,1,0,0,0,0,0,0,0,0,0,0,0,4,0,0,0,0,0,1,0,0,0,0,0,1,0,0,0,0,0,0,0,0,0,0,0,4,0,0,0,0,0,0,0,0,0,0,0,2,1,0,0,0,0,1,0,0,0,0,0,4,0,0,0,0,0,0,0,0,0,0,0
2011020642,2,2012-01-13,45.916666666666664,8.6,5.483333333333333,23,5,8,21,6,5,22,2,1,30,2,1,7,2,0,3,1,2,15,2,0,8,7,0,40,15,1,4,1,0,3,0,0,0,0,0,26,0,9,0,1,1,1,0,0,0,0,0,32,9,1,3,1,0,3,0,0,0,0,0,16,0,9,0,1,1,1,0,0,0,0,0,21,5,1,1,0,0,3,0,0,0,0,0,11,0,7,0,1,0,1,0,0,0,0,0,1,2,0,0,0,0,0,0,0,0,0,0,0,0,2,0,1,0,1,0,0,0,0,0,1,2,0,0,0,0,0,0,0,0,0,0,0,0,2,0,1,0,1,0,0,0,0,0,0,2,0,0,0,0,0,0,0,0,0,0,0,0,2,0,1,0,1,0,0,0,0,0,3,0,0,0,0,0,0,0,0,0,0,0,1,0,0,0,0,0,0,0,0,0,0,0
2011020658,2,2012-01-15,50.36666666666667,0.8666666666666667,8.766666666666667,33,2,11,25,0,8,27,0,2,23,0,1,8,0,4,3,1,0,2,0,17,27,0,10,30,2,1,2,0,0,1,0,0,0,0,0,47,0,17,3,1,3,2,0,0,0,0,0,23,2,1,1,0,0,1,0,0,0,0,0,37,0,11,1,1,3,2,0,0,0,0,0,15,2,1,1,0,0,1,0,0,0,0,0,30,0,8,1,1,3,1,0,0,0,0,0,1,1,0,0,0,0,1,0,0,0,0,0,3,0,2,0,1,0,0,0,0,0,0,0,1,1,0,0,0,0,1,0,0,0,0,0,1,0,2,0,0,0,0,0,0,0,0,0,1,1,0,0,0,0,1,0,0,0,0,0,0,0,2,0,0,0,0,0,0,0,0,0,1,0,0,0,0,0,0,0,0,0,0,0,2,0,0,0,0,0,0,0,0,0,0,0
2011020677,2,2012-01-17,46,8,6,23,7,6,26,2,2,22,1,0,13,3,2,5,0,0,8,2,0,8,0,2,8,0,0,34,10,1,3,1,0,4,0,0,2,0,0,37,2,13,1,0,0,1,0,2,2,0,0,25,8,1,2,1,0,2,0,0,2,0,0,25,2,9,0,0,0,1,0,2,2,0,0,17,7,1,2,1,0,1,0,0,2,0,0,17,1,6,0,0,0,1,0,2,2,0,0,1,0,1,1,0,0,0,0,0,2,0,0,0,1,0,0,0,0,1,0,0,1,0,0,1,0,1,1,0,0,0,0,0,2,0,0,0,1,0,0,0,0,1,0,0,0,0,0,1,0,0,1,0,0,0,0,0,2,0,0,0,1,0,0,0,0,1,0,0,0,0,0,5,0,0,1,0,0,0,0,0,0,0,0,1,0,2,1,0,0,0,0,0,1,0,0
2011020698,2,2012-01-20,47.266666666666666,5.366666666666666,7.366666666666666,23,3,5,30,2,3,15,0,1,20,3,0,3,0,0,6,0,0,4,0,7,11,0,2,33,10,2,2,0,0,4,2,0,1,0,0,36,0,9,3,0,0,3,0,0,1,0,0,21,7,1,2,0,0,3,2,0,1,0,0,28,0,7,3,0,0,2,0,0,1,0,0,11,5,1,1,0,0,1,2,0,1,0,0,20,0,4,2,0,0,1,0,0,1,0,0,2,0,0,0,0,0,0,0,0,0,0,0,0,0,0,0,0,0,1,0,0,0,0,0,2,0,0,0,0,0,0,0,0,0,0,0,0,0,0,0,0,0,1,0,0,0,0,0,2,0,0,0,0,0,0,0,0,0,0,0,0,0,0,0,0,0,0,0,0,0,0,0,4,2,0,0,0,0,1,0,0,0,0,0,3,0,0,0,0,0,1,0,0,0,0,0
2011020709,2,2012-01-21,51.666666666666664,3.5833333333333335,4.75,25,3,6,34,2,2,20,1,0,21,2,3,4,0,0,3,0,0,0,4,0,4,2,2,23,5,1,4,0,0,3,0,0,0,0,0,55,1,11,4,0,0,2,0,1,0,0,0,15,5,1,2,0,0,3,0,0,0,0,0,36,1,10,4,0,0,2,0,1,0,0,0,12,3,1,2,0,0,3,0,0,0,0,0,26,1,5,2,0,0,2,0,0,0,0,0,3,0,0,0,0,0,1,0,0,0,0,0,1,1,1,0,0,0,0,0,0,0,0,0,3,0,0,0,0,0,1,0,0,0,0,0,1,1,1,0,0,0,0,0,0,0,0,0,2,0,0,0,0,0,1,0,0,0,0,0,1,0,1,0,0,0,0,0,0,0,0,0,3,0,0,0,0,0,0,0,0,0,0,0,2,0,1,0,0,0,0,0,0,0,0,0
2011020726,2,2012-01-24,49.06666666666666,6.933333333333334,4,20,5,1,15,4,5,17,0,0,16,2,1,7,0,0,5,2,0,6,2,0,4,0,0,34,15,0,3,0,0,0,1,0,0,0,0,37,4,9,3,0,0,1,0,0,0,0,0,27,10,0,3,0,0,0,1,0,0,0,0,29,4,5,1,0,0,1,0,0,0,0,0,20,7,0,3,0,0,0,1,0,0,0,0,16,3,4,0,0,0,1,0,0,0,0,0,2,1,0,1,0,0,0,0,0,0,0,0,2,0,0,0,0,0,0,0,0,0,0,0,1,1,0,1,0,0,0,0,0,0,0,0,2,0,0,0,0,0,0,0,0,0,0,0,0,1,0,1,0,0,0,0,0,0,0,0,1,0,0,0,0,0,0,0,0,0,0,0,0,1,0,0,0,0,0,0,0,0,0,0,1,0,0,0,0,0,0,0,0,0,0,0
2011020742,2,2012-01-31,54.75,2,6,26,0,3,19,1,1,14,0,3,22,0,0,5,0,1,3,1,0,0,2,0,6,0,0,49,3,0,1,0,0,1,0,0,0,0,0,39,0,7,3,0,0,2,0,1,0,0,0,35,2,0,1,0,0,1,0,0,0,0,0,29,0,3,3,0,0,2,0,1,0,0,0,27,2,0,1,0,0,1,0,0,0,0,0,22,0,2,3,0,0,2,0,1,0,0,0,4,0,0,0,0,0,0,0,0,0,0,0,2,0,0,1,0,0,0,0,0,0,0,0,4,0,0,0,0,0,0,0,0,0,0,0,1,0,0,0,0,0,0,0,0,0,0,0,4,0,0,0,0,0,0,0,0,0,0,0,0,0,0,0,0,0,0,0,0,0,0,0,1,0,0,0,0,0,0,0,0,0,0,0,2,0,1,0,0,0,0,0,0,0,0,0
2011020757,2,2012-02-02,55.233333333333334,4,4,18,3,1,22,1,3,23,0,0,20,1,0,9,1,1,5,1,0,4,0,2,6,0,0,48,4,1,3,0,0,0,0,0,1,0,0,42,2,5,1,0,0,1,0,0,0,0,0,37,1,1,1,0,0,0,0,0,1,0,0,29,1,2,1,0,0,1,0,0,0,0,0,27,1,1,1,0,0,0,0,0,1,0,0,20,1,1,1,0,0,1,0,0,0,0,0,1,0,0,0,0,0,0,0,0,0,0,0,1,0,0,0,0,0,1,0,0,0,0,0,1,0,0,0,0,0,0,0,0,0,0,0,1,0,0,0,0,0,1,0,0,0,0,0,1,0,0,0,0,0,0,0,0,0,0,0,1,0,0,0,0,0,1,0,0,0,0,0,0,0,0,1,0,0,0,0,0,0,0,0,1,0,0,0,0,0,0,0,0,0,0,0
2011020774,2,2012-02-04,49.71666666666667,5.05,5.233333333333333,21,1,5,22,1,0,18,1,7,16,0,3,8,1,0,8,1,0,4,0,2,2,2,2,39,7,0,4,0,0,3,1,0,0,0,0,38,3,7,2,0,1,2,0,1,1,0,0,29,6,0,3,0,0,3,1,0,0,0,0,24,1,3,1,0,0,2,0,1,1,0,0,22,5,0,3,0,0,3,1,0,0,0,0,14,1,2,0,0,0,2,0,0,1,0,0,2,0,0,2,0,0,2,0,0,0,0,0,2,0,0,0,0,0,0,0,0,1,0,0,2,0,0,0,0,0,2,0,0,0,0,0,2,0,0,0,0,0,0,0,0,1,0,0,2,0,0,0,0,0,2,0,0,0,0,0,2,0,0,0,0,0,0,0,0,0,0,0,2,1,0,1,0,0,0,0,0,0,0,0,2,0,1,1,0,0,0,0,0,0,0,0
2011020792,2,2012-02-07,50,6,4,18,1,4,22,4,1,16,1,1,18,2,1,8,0,0,5,3,0,6,0,0,4,0,0,41,10,0,1,0,0,4,0,0,0,0,0,31,1,6,3,0,1,2,0,0,1,0,0,30,9,0,0,0,0,3,0,0,0,0,0,22,1,3,3,0,1,2,0,0,1,0,0,18,5,0,0,0,0,2,0,0,0,0,0,14,0,2,2,0,0,1,0,0,1,0,0,1,0,0,0,0,0,0,0,0,0,0,0,3,0,0,0,0,0,0,0,0,0,0,0,1,0,0,0,0,0,0,0,0,0,0,0,3,0,0,0,0,0,0,0,0,0,0,0,1,0,0,0,0,0,0,0,0,0,0,0,2,0,0,0,0,0,0,0,0,0,0,0,3,0,0,0,0,0,1,0,0,0,0,0,2,0,0,1,0,0,0,0,0,0,0,0
2011020803,2,2012-02-09,55.66666666666667,2.7666666666666666,4.183333333333334,22,3,2,22,2,2,13,0,0,36,0,1,2,0,0,6,0,0,6,0,0,6,2,0,29,7,0,2,0,1,3,0,0,0,0,0,44,0,10,1,0,0,7,0,0,0,0,0,17,5,0,0,0,1,3,0,0,0,0,0,27,0,6,1,0,0,7,0,0,0,0,0,12,2,0,0,0,1,2,0,0,0,0,0,19,0,5,1,0,0,6,0,0,0,0,0,1,1,0,0,0,0,1,0,0,0,0,0,2,0,1,0,0,0,1,0,0,0,0,0,1,1,0,0,0,0,1,0,0,0,0,0,2,0,1,0,0,0,1,0,0,0,0,0,1,1,0,0,0,0,1,0,0,0,0,0,2,0,1,0,0,0,1,0,0,0,0,0,2,0,0,0,0,0,1,0,0,0,0,0,5,0,0,0,0,0,2,0,0,0,0,0
2011020821,2,2012-02-11,52,6,2,20,2,2,26,4,1,5,0,0,18,0,0,2,0,0,4,0,2,6,0,0,2,0,0,44,10,0,1,0,0,0,0,0,0,0,0,46,2,9,1,0,1,0,0,0,0,0,0,31,6,0,1,0,0,0,0,0,0,0,0,35,2,4,1,0,1,0,0,0,0,0,0,22,5,0,1,0,0,0,0,0,0,0,0,22,2,3,0,0,0,0,0,0,0,0,0,1,0,0,1,0,0,0,0,0,0,0,0,1,0,0,0,0,0,0,0,0,0,0,0,1,0,0,1,0,0,0,0,0,0,0,0,1,0,0,0,0,0,0,0,0,0,0,0,1,0,0,0,0,0,0,0,0,0,0,0,1,0,0,0,0,0,0,0,0,0,0,0,0,0,0,0,0,0,0,0,0,0,0,0,0,0,0,0,0,0,0,0,0,0,0,0
2011020832,2,2012-02-12,50.93333333333333,3.1166666666666667,5.95,30,1,4,30,1,1,19,0,1,18,2,0,2,1,0,6,0,1,2,0,2,8,0,0,33,3,0,1,0,0,3,0,0,0,0,0,53,3,14,3,0,0,4,0,0,0,0,0,24,2,0,1,0,0,1,0,0,0,0,0,39,2,11,1,0,0,4,0,0,0,0,0,19,2,0,1,0,0,1,0,0,0,0,0,30,0,8,1,0,0,2,0,0,0,0,0,1,0,0,1,0,0,0,0,0,0,0,0,3,0,1,0,0,0,0,0,0,0,0,0,1,0,0,1,0,0,0,0,0,0,0,0,3,0,1,0,0,0,0,0,0,0,0,0,1,0,0,1,0,0,0,0,0,0,0,0,3,0,1,0,0,0,0,0,0,0,0,0,3,0,0,0,0,0,0,0,0,0,0,0,4,0,0,0,0,0,0,0,0,0,0,0
2011020840,2,2012-02-14,52.96666666666667,4,3.033333333333333,27,2,1,23,2,3,24,1,0,19,2,0,6,1,1,4,2,0,0,4,0,4,0,0,42,4,0,1,1,0,3,0,0,0,0,0,38,3,5,1,0,0,1,0,0,0,0,0,34,4,0,1,1,0,2,0,0,0,0,0,29,2,4,0,0,0,1,0,0,0,0,0,22,2,0,1,1,0,2,0,0,0,0,0,22,1,3,0,0,0,1,0,0,0,0,0,0,0,0,0,0,0,0,0,0,0,0,0,2,1,1,0,0,0,0,0,0,0,0,0,0,0,0,0,0,0,0,0,0,0,0,0,2,1,1,0,0,0,0,0,0,0,0,0,0,0,0,0,0,0,0,0,0,0,0,0,2,0,1,0,0,0,0,0,0,0,0,0,2,0,0,0,0,0,1,0,0,0,0,0,1,0,0,0,0,0,0,0,0,0,0,0
2011020853,2,2012-02-16,59.46666666666666,0.15,4.833333333333333,29,0,1,30,1,5,25,0,1,22,0,0,5,0,0,7,0,0,2,0,0,4,0,2,39,1,0,1,0,0,2,0,0,0,0,0,57,0,10,4,0,0,4,0,1,0,0,0,27,1,0,1,0,0,2,0,0,0,0,0,50,0,9,3,0,0,3,0,1,0,0,0,21,1,0,1,0,0,2,0,0,0,0,0,37,0,6,3,0,0,3,0,1,0,0,0,4,1,0,0,0,0,1,0,0,0,0,0,2,0,0,0,0,0,2,0,1,0,0,0,4,1,0,0,0,0,1,0,0,0,0,0,2,0,0,0,0,0,2,0,1,0,0,0,4,1,0,0,0,0,1,0,0,0,0,0,2,0,0,0,0,0,2,0,1,0,0,0,2,0,0,0,0,0,0,0,0,0,0,0,3,0,1,0,0,0,1,0,0,0,0,0
2011020869,2,2012-02-18,47.233333333333334,9.316666666666666,3.45,25,3,2,23,7,2,26,2,1,23,1,1,8,2,0,2,1,0,6,2,2,4,0,0,31,8,0,2,0,0,3,1,0,1,0,0,45,0,8,1,0,0,2,0,1,0,0,0,26,3,0,1,0,0,2,1,0,1,0,0,24,0,7,1,0,0,2,0,0,0,0,0,15,3,0,1,0,0,2,1,0,1,0,0,18,0,3,1,0,0,2,0,0,0,0,0,0,0,0,1,0,0,0,0,0,1,0,0,0,0,0,0,0,0,1,0,0,0,0,0,0,0,0,0,0,0,0,0,0,1,0,0,0,0,0,0,0,0,1,0,0,0,0,0,0,0,0,0,0,0,0,0,0,0,0,0,0,0,0,0,0,0,1,0,0,0,0,0,3,1,0,0,0,0,1,0,0,0,0,0,2,0,1,0,0,0,0,0,0,0,0,0
2011020890,2,2012-02-21,56.56666666666667,0.7666666666666667,2.6666666666666665,28,1,0,20,0,5,20,0,1,20,0,0,11,0,0,8,1,0,2,0,2,4,0,0,28,1,1,1,0,0,1,1,0,0,0,0,41,1,7,8,1,0,1,0,0,0,0,0,19,1,0,1,0,0,1,1,0,0,0,0,29,1,5,7,1,0,0,0,0,0,0,0,12,1,0,1,0,0,1,1,0,0,0,0,19,1,4,5,1,0,0,0,0,0,0,0,1,0,0,0,0,0,1,1,0,0,0,0,1,0,0,1,0,0,0,0,0,0,0,0,1,0,0,0,0,0,1,1,0,0,0,0,1,0,0,1,0,0,0,0,0,0,0,0,1,0,0,0,0,0,1,1,0,0,0,0,1,0,0,0,0,0,0,0,0,0,0,0,1,1,0,0,0,0,0,0,0,0,0,0,1,0,0,0,0,0,0,0,0,0,0,0
2011020904,2,2012-02-23,49.56666666666667,6.916666666666667,3.5166666666666666,21,8,3,21,8,0,34,1,1,23,0,1,1,0,1,13,1,0,10,4,0,8,2,0,35,12,2,4,2,0,0,1,0,0,0,0,36,0,7,6,0,0,5,0,0,0,0,0,19,8,1,4,2,0,0,1,0,0,0,0,30,0,5,5,0,0,5,0,0,0,0,0,14,7,1,1,1,0,0,1,0,0,0,0,24,0,3,4,0,0,3,0,0,0,0,0,0,2,0,0,1,0,0,0,0,0,0,0,1,0,2,0,0,0,1,0,0,0,0,0,0,2,0,0,1,0,0,0,0,0,0,0,1,0,2,0,0,0,1,0,0,0,0,0,0,2,0,0,1,0,0,0,0,0,0,0,1,0,2,0,0,0,1,0,0,0,0,0,0,1,0,0,0,0,0,0,0,0,0,0,4,0,0,0,0,0,1,0,0,0,0,0
2011020914,2,2012-02-25,48,10.033333333333333,1.9666666666666666,20,6,0,30,5,1,25,1,0,32,2,0,1,0,0,3,0,0,14,0,10,14,2,0,35,15,0,4,1,0,7,1,0,0,0,0,41,4,4,2,0,0,6,0,1,0,0,0,26,9,0,4,1,0,6,1,0,0,0,0,30,4,4,1,0,0,6,0,1,0,0,0,19,7,0,3,0,0,5,1,0,0,0,0,22,3,4,0,0,0,4,0,1,0,0,0,0,1,0,0,0,0,0,0,0,0,0,0,3,1,1,0,0,0,2,0,1,0,0,0,0,1,0,0,0,0,0,0,0,0,0,0,3,0,1,0,0,0,2,0,1,0,0,0,0,1,0,0,0,0,0,0,0,0,0,0,2,0,1,0,0,0,2,0,1,0,0,0,7,1,0,0,0,0,0,0,0,0,0,0,4,0,1,0,0,0,2,0,0,0,0,0
2011020925,2,2012-02-26,48.03333333333333,5.15,6.816666666666666,20,1,5,20,4,3,19,0,1,21,1,0,3,0,0,4,1,1,6,0,0,6,0,2,22,3,0,0,0,0,0,0,0,0,0,0,29,2,8,2,0,1,2,0,0,0,0,0,16,3,0,0,0,0,0,0,0,0,0,0,20,1,4,1,0,1,2,0,0,0,0,0,14,2,0,0,0,0,0,0,0,0,0,0,14,0,4,1,0,1,2,0,0,0,0,0,3,1,0,0,0,0,0,0,0,0,0,0,2,0,1,0,0,0,0,0,0,0,0,0,3,1,0,0,0,0,0,0,0,0,0,0,1,0,1,0,0,0,0,0,0,0,0,0,3,1,0,0,0,0,0,0,0,0,0,0,1,0,1,0,0,0,0,0,0,0,0,0,0,0,0,0,0,0,0,0,0,0,0,0,2,0,0,0,0,0,0,0,0,0,0,0
2011020942,2,2012-02-28,45.06666666666666,5.966666666666667,8.966666666666667,20,3,5,24,2,3,23,1,1,20,1,1,4,0,0,7,3,0,14,2,7,11,0,15,33,4,0,2,0,0,2,0,0,0,0,0,43,2,12,3,0,1,1,0,0,0,0,0,26,2,0,2,0,0,2,0,0,0,0,0,28,2,9,2,0,1,1,0,0,0,0,0,16,2,0,2,0,0,2,0,0,0,0,0,17,1,3,2,0,1,0,0,0,0,0,0,2,0,0,0,0,0,0,0,0,0,0,0,1,0,0,0,0,0,0,0,0,0,0,0,2,0,0,0,0,0,0,0,0,0,0,0,0,0,0,0,0,0,0,0,0,0,0,0,2,0,0,0,0,0,0,0,0,0,0,0,0,0,0,0,0,0,0,0,0,0,0,0,1,0,0,0,0,0,1,0,0,0,0,0,1,0,0,0,0,0,0,0,0,0,0,0
2011020961,2,2012-03-02,52.71666666666667,7.25,2,19,3,1,22,4,3,24,1,1,27,1,0,5,0,1,7,1,0,10,0,0,4,2,0,50,6,1,3,0,0,3,0,0,0,0,0,33,0,5,4,0,0,0,0,0,0,0,0,40,4,1,3,0,0,2,0,0,0,0,0,21,0,3,3,0,0,0,0,0,0,0,0,23,2,1,3,0,0,2,0,0,0,0,0,13,0,3,3,0,0,0,0,0,0,0,0,3,0,0,0,0,0,1,0,0,0,0,0,2,0,1,0,0,0,0,0,0,0,0,0,3,0,0,0,0,0,1,0,0,0,0,0,2,0,1,0,0,0,0,0,0,0,0,0,3,0,0,0,0,0,1,0,0,0,0,0,1,0,1,0,0,0,0,0,0,0,0,0,3,0,0,0,0,0,0,0,0,0,0,0,0,0,0,0,0,0,0,0,0,0,0,0
2011020967,2,2012-03-03,53.166666666666664,5.6,3.9166666666666665,18,2,2,24,3,2,14,0,1,26,0,1,8,0,1,1,0,0,4,4,0,2,0,2,32,9,3,3,0,0,2,0,0,0,0,0,43,0,2,2,0,0,2,0,1,0,0,0,23,6,2,2,0,0,1,0,0,0,0,0,31,0,2,2,0,0,1,0,1,0,0,0,15,3,2,2,0,0,1,0,0,0,0,0,24,0,1,2,0,0,1,0,0,0,0,0,1,2,0,1,0,0,0,0,0,0,0,0,3,0,0,0,0,0,0,0,0,0,0,0,0,2,0,1,0,0,0,0,0,0,0,0,2,0,0,0,0,0,0,0,0,0,0,0,0,1,0,0,0,0,0,0,0,0,0,0,2,0,0,0,0,0,0,0,0,0,0,0,2,0,0,0,0,0,0,0,0,0,0,0,2,0,1,0,0,0,0,0,0,0,0,0
2011020989,2,2012-03-06,52.48333333333333,3.566666666666667,3.95,30,2,3,27,2,3,26,0,0,21,1,0,7,0,1,8,1,0,4,2,5,9,0,2,35,5,1,2,1,0,0,0,0,0,0,0,38,1,7,6,1,0,2,0,0,0,0,0,30,3,1,1,1,0,0,0,0,0,0,0,31,1,6,5,1,0,2,0,0,0,0,0,23,3,0,1,1,0,0,0,0,0,0,0,22,1,5,4,1,0,2,0,0,0,0,0,2,0,0,0,1,0,0,0,0,0,0,0,3,1,2,0,1,0,0,0,0,0,0,0,2,0,0,0,1,0,0,0,0,0,0,0,2,0,1,0,0,0,0,0,0,0,0,0,2,0,0,0,1,0,0,0,0,0,0,0,2,0,1,0,0,0,0,0,0,0,0,0,0,0,0,0,0,0,0,0,0,0,0,0,2,0,0,0,0,0,0,0,0,0,0,0
2011021001,2,2012-03-08,56.76666666666667,3.3833333333333333,4,26,0,4,24,3,0,25,0,1,25,0,3,7,0,0,10,0,1,6,0,0,4,0,0,31,5,0,4,0,0,5,0,0,0,0,0,54,0,7,4,0,1,0,0,0,2,0,0,20,4,0,4,0,0,3,0,0,0,0,0,40,0,5,4,0,0,0,0,0,0,0,0,17,3,0,4,0,0,2,0,0,0,0,0,28,0,2,2,0,0,0,0,0,0,0,0,0,2,0,0,0,0,0,0,0,0,0,0,3,0,0,0,0,0,0,0,0,0,0,0,0,2,0,0,0,0,0,0,0,0,0,0,3,0,0,0,0,0,0,0,0,0,0,0,0,2,0,0,0,0,0,0,0,0,0,0,2,0,0,0,0,0,0,0,0,0,0,0,3,0,0,0,0,0,2,0,0,0,0,0,1,0,0,0,0,0,0,0,0,1,0,0
2011021019,2,2012-03-10,54.86666666666667,4,1.1333333333333333,20,2,1,28,2,1,25,1,0,21,0,0,4,1,0,6,1,0,8,10,0,4,2,0,53,3,0,2,1,0,4,0,0,0,0,0,45,1,4,3,0,0,3,0,2,0,0,0,42,2,0,2,1,0,3,0,0,0,0,0,32,1,2,3,0,0,2,0,2,0,0,0,32,1,0,2,0,0,3,0,0,0,0,0,17,1,1,3,0,0,2,0,2,0,0,0,1,0,0,0,0,0,1,0,0,0,0,0,2,1,1,0,0,0,0,0,0,0,0,0,1,0,0,0,0,0,1,0,0,0,0,0,2,1,1,0,0,0,0,0,0,0,0,0,1,0,0,0,0,0,1,0,0,0,0,0,1,1,1,0,0,0,0,0,0,0,0,0,3,0,0,1,0,0,0,0,0,0,0,0,3,0,1,0,0,0,0,0,1,0,0,0
2011021040,2,2012-03-13,48.38333333333333,5.616666666666666,6,25,2,2,26,2,6,20,0,2,23,0,0,2,2,2,3,1,0,6,0,5,11,0,0,22,10,0,1,0,0,1,0,0,0,0,0,53,0,5,0,0,0,2,0,0,0,0,0,15,7,0,1,0,0,1,0,0,0,0,0,43,0,4,0,0,0,2,0,0,0,0,0,11,5,0,0,0,0,1,0,0,0,0,0,32,0,2,0,0,0,0,0,0,0,0,0,4,1,0,0,0,0,1,0,0,0,0,0,1,0,0,0,0,0,0,0,0,0,0,0,3,1,0,0,0,0,1,0,0,0,0,0,1,0,0,0,0,0,0,0,0,0,0,0,3,1,0,0,0,0,1,0,0,0,0,0,1,0,0,0,0,0,0,0,0,0,0,0,1,0,0,0,0,0,0,0,0,0,0,0,2,0,0,0,0,0,0,0,0,0,0,0
2011021056,2,2012-03-15,44.1,7.116666666666666,8.783333333333333,14,6,5,18,8,4,26,1,4,17,0,3,2,0,0,8,0,0,8,2,4,12,2,2,33,17,1,2,0,0,0,1,0,0,0,0,36,0,12,2,0,0,0,0,0,0,0,0,27,13,1,2,0,0,0,1,0,0,0,0,23,0,9,2,0,0,0,0,0,0,0,0,21,11,1,1,0,0,0,1,0,0,0,0,17,0,9,2,0,0,0,0,0,0,0,0,0,1,0,0,0,0,0,0,0,0,0,0,1,0,1,1,0,0,0,0,0,0,0,0,0,1,0,0,0,0,0,0,0,0,0,0,1,0,1,1,0,0,0,0,0,0,0,0,0,0,0,0,0,0,0,0,0,0,0,0,0,0,1,1,0,0,0,0,0,0,0,0,0,1,0,0,0,0,0,0,0,0,0,0,0,0,0,0,0,0,0,0,0,0,0,0
2011021071,2,2012-03-17,51.06666666666667,6,2.933333333333333,16,2,1,23,6,4,18,1,0,22,1,0,5,1,0,4,3,0,2,4,0,4,0,0,40,10,0,4,0,0,0,1,0,0,0,0,24,1,9,2,0,0,1,0,1,0,0,0,28,6,0,4,0,0,0,1,0,0,0,0,18,1,6,1,0,0,1,0,1,0,0,0,15,4,0,3,0,0,0,1,0,0,0,0,12,1,5,1,0,0,1,0,1,0,0,0,1,0,0,0,0,0,0,0,0,0,0,0,1,1,0,0,0,0,0,0,1,0,0,0,1,0,0,0,0,0,0,0,0,0,0,0,1,1,0,0,0,0,0,0,1,0,0,0,1,0,0,0,0,0,0,0,0,0,0,0,0,1,0,0,0,0,0,0,1,0,0,0,0,1,0,0,0,0,0,0,0,0,0,0,1,0,1,0,0,0,0,0,0,0,0,0
2011021084,2,2012-03-19,51.18333333333334,3.8,5.016666666666667,25,1,2,25,1,6,24,0,2,19,1,0,6,0,0,5,0,1,2,0,2,4,0,4,31,7,1,4,0,0,2,0,0,0,0,0,48,0,13,6,0,2,3,0,1,0,0,0,22,6,1,4,0,0,2,0,0,0,0,0,32,0,12,2,0,2,3,0,1,0,0,0,16,4,1,4,0,0,2,0,0,0,0,0,19,0,11,2,0,2,3,0,1,0,0,0,1,0,0,2,0,0,0,0,0,0,0,0,3,0,0,1,0,1,1,0,1,0,0,0,1,0,0,2,0,0,0,0,0,0,0,0,3,0,0,0,0,1,1,0,1,0,0,0,1,0,0,0,0,0,0,0,0,0,0,0,2,0,0,0,0,1,1,0,1,0,0,0,2,0,0,0,0,0,0,0,0,0,0,0,3,0,1,0,0,0,0,0,0,0,0,0
2011021104,2,2012-03-22,55.36666666666667,7.633333333333334,2,20,6,1,18,3,0,18,0,0,25,1,1,10,0,0,11,1,0,8,0,0,2,0,0,31,12,1,1,0,0,1,0,0,0,0,0,49,0,2,9,0,0,0,0,0,1,0,0,19,9,1,1,0,0,1,0,0,0,0,0,36,0,1,9,0,0,0,0,0,1,0,0,12,6,1,1,0,0,1,0,0,0,0,0,26,0,0,9,0,0,0,0,0,1,0,0,0,1,0,0,0,0,1,0,0,0,0,0,2,0,0,0,0,0,0,0,0,0,0,0,0,1,0,0,0,0,1,0,0,0,0,0,2,0,0,0,0,0,0,0,0,0,0,0,0,1,0,0,0,0,1,0,0,0,0,0,2,0,0,0,0,0,0,0,0,0,0,0,1,0,0,0,0,0,0,0,0,0,0,0,0,0,0,1,0,0,0,0,0,0,0,0
2011021122,2,2012-03-24,49.766666666666666,6,4.233333333333333,20,3,3,19,3,4,25,0,0,18,1,0,5,0,1,8,2,1,4,2,0,4,0,2,30,5,1,4,0,0,1,0,0,0,0,0,47,2,16,3,1,0,2,0,1,0,0,0,22,4,1,4,0,0,1,0,0,0,0,0,29,2,10,2,1,0,2,0,1,0,0,0,18,3,1,3,0,0,1,0,0,0,0,0,19,2,10,2,1,0,2,0,1,0,0,0,4,0,0,0,0,0,0,0,0,0,0,0,1,0,1,0,0,0,1,0,0,0,0,0,4,0,0,0,0,0,0,0,0,0,0,0,1,0,1,0,0,0,1,0,0,0,0,0,4,0,0,0,0,0,0,0,0,0,0,0,1,0,1,0,0,0,1,0,0,0,0,0,1,0,0,0,0,0,0,0,0,0,0,0,2,0,1,0,0,0,0,0,0,0,0,0
2011021134,2,2012-03-26,48.16666666666667,2.55,9.283333333333333,27,2,4,27,4,8,23,0,1,20,1,1,7,1,2,2,0,0,16,0,0,8,2,2,22,1,3,2,0,1,0,0,0,0,0,0,47,1,24,6,0,0,0,0,2,1,0,0,15,1,3,2,0,1,0,0,0,0,0,0,36,1,16,1,0,0,0,0,2,0,0,0,9,1,2,2,0,1,0,0,0,0,0,0,27,0,9,1,0,0,0,0,1,0,0,0,1,1,1,1,0,1,0,0,0,0,0,0,2,0,1,0,0,0,0,0,0,0,0,0,1,1,1,0,0,1,0,0,0,0,0,0,2,0,1,0,0,0,0,0,0,0,0,0,1,1,0,0,0,0,0,0,0,0,0,0,2,0,1,0,0,0,0,0,0,0,0,0,0,0,0,0,0,0,0,0,0,0,0,0,0,0,2,1,0,0,0,0,0,0,0,0
2011021140,2,2012-03-27,43.63333333333333,6.366666666666666,10,13,1,3,24,5,8,16,1,0,24,2,5,1,0,1,3,0,0,8,2,0,10,0,2,22,6,2,1,0,0,1,1,0,0,0,0,42,4,13,0,0,0,4,0,0,0,0,0,17,5,2,1,0,0,1,1,0,0,0,0,27,4,11,0,0,0,4,0,0,0,0,0,10,5,2,1,0,0,0,0,0,0,0,0,22,4,8,0,0,0,4,0,0,0,0,0,0,1,0,1,0,0,0,0,0,0,0,0,2,1,0,0,0,0,2,0,0,0,0,0,0,1,0,1,0,0,0,0,0,0,0,0,2,1,0,0,0,0,2,0,0,0,0,0,0,1,0,0,0,0,0,0,0,0,0,0,2,0,0,0,0,0,2,0,0,0,0,0,1,1,0,0,0,0,0,0,0,0,0,0,4,0,0,0,0,0,0,0,0,0,0,0
2011021156,2,2012-03-29,53.18333333333333,3.7,3.1166666666666667,15,1,2,34,2,3,22,0,1,19,0,1,4,0,2,2,3,0,4,0,2,2,2,4,15,2,1,4,0,0,0,0,1,0,0,0,54,1,8,2,0,0,4,0,0,0,0,0,13,2,1,3,0,0,0,0,1,0,0,0,40,1,8,2,0,0,4,0,0,0,0,0,13,2,1,3,0,0,0,0,1,0,0,0,25,1,6,2,0,0,4,0,0,0,0,0,2,0,0,2,0,0,0,0,0,0,0,0,1,1,1,1,0,0,2,0,0,0,0,0,2,0,0,2,0,0,0,0,0,0,0,0,1,1,1,1,0,0,2,0,0,0,0,0,1,0,0,1,0,0,0,0,0,0,0,0,0,0,1,1,0,0,2,0,0,0,0,0,0,0,1,0,0,0,0,0,0,0,0,0,4,0,0,0,0,0,0,0,0,0,0,0
2011021174,2,2012-03-31,46.81666666666667,11.283333333333333,2.65,24,9,2,26,5,2,18,0,2,16,2,0,6,0,1,5,7,0,18,4,16,21,0,7,46,10,0,6,1,0,5,2,0,0,0,0,42,5,1,3,0,0,1,0,1,0,0,0,30,10,0,5,0,0,5,2,0,0,0,0,31,2,1,3,0,0,1,0,1,0,0,0,23,6,0,4,0,0,4,2,0,0,0,0,21,1,1,3,0,0,1,0,1,0,0,0,1,0,0,1,0,0,0,1,0,0,0,0,1,0,0,0,0,0,1,0,0,0,0,0,0,0,0,1,0,0,0,1,0,0,0,0,1,0,0,0,0,0,1,0,0,0,0,0,0,0,0,0,0,0,0,1,0,0,0,0,1,0,0,0,0,0,1,0,0,0,0,0,3,2,0,0,0,0,2,0,0,0,0,0,1,0,1,0,0,0,0,0,0,0,0,0
2011021187,2,2012-04-02,49.36666666666667,6.633333333333334,4,24,5,3,26,2,3,25,0,0,21,1,1,3,0,1,3,2,0,6,2,5,9,0,0,37,11,3,4,0,0,0,0,0,0,0,0,45,3,7,3,0,0,2,0,1,0,0,0,25,8,2,4,0,0,0,0,0,0,0,0,36,2,5,3,0,0,2,0,1,0,0,0,16,6,2,3,0,0,0,0,0,0,0,0,22,1,4,3,0,0,2,0,1,0,0,0,1,1,1,1,0,0,0,0,0,0,0,0,1,0,0,0,0,0,1,0,0,0,0,0,1,1,1,1,0,0,0,0,0,0,0,0,1,0,0,0,0,0,1,0,0,0,0,0,1,1,1,1,0,0,0,0,0,0,0,0,0,0,0,0,0,0,0,0,0,0,0,0,0,0,0,0,0,0,0,0,0,0,0,0,2,0,1,0,0,0,0,0,0,0,0,0
2011021199,2,2012-04-04,47.21666666666667,6,6.783333333333333,20,1,0,20,4,8,17,0,0,21,1,0,2,2,2,6,0,0,8,0,0,8,0,2,25,7,2,4,0,0,2,0,0,1,0,0,38,0,8,2,1,0,4,0,0,0,0,0,14,6,1,3,0,0,1,0,0,1,0,0,22,0,3,1,1,0,4,0,0,0,0,0,10,4,0,1,0,0,1,0,0,0,0,0,17,0,2,1,1,0,4,0,0,0,0,0,0,0,0,1,0,0,1,0,0,0,0,0,2,0,1,0,0,0,2,0,0,0,0,0,0,0,0,0,0,0,1,0,0,0,0,0,2,0,1,0,0,0,2,0,0,0,0,0,0,0,0,0,0,0,1,0,0,0,0,0,1,0,1,0,0,0,2,0,0,0,0,0,2,0,0,1,0,0,0,0,0,0,0,0,3,0,0,0,0,0,1,0,0,0,0,0
2011021201,2,2012-04-05,60.016666666666666,0,4,40,0,2,22,0,1,35,0,0,38,0,1,7,0,0,13,0,0,0,0,0,4,0,0,50,0,1,9,0,0,4,0,0,0,0,0,42,0,5,5,0,0,2,0,0,0,0,0,39,0,1,8,0,0,4,0,0,0,0,0,30,0,5,3,0,0,2,0,0,0,0,0,26,0,1,7,0,0,3,0,0,0,0,0,24,0,3,2,0,0,2,0,0,0,0,0,2,0,0,0,0,0,0,0,0,0,0,0,2,0,0,0,0,0,1,0,0,0,0,0,2,0,0,0,0,0,0,0,0,0,0,0,1,0,0,0,0,0,1,0,0,0,0,0,2,0,0,0,0,0,0,0,0,0,0,0,1,0,0,0,0,0,0,0,0,0,0,0,4,0,0,0,0,0,0,0,0,0,0,0,2,0,0,0,0,0,0,0,0,0,0,0
2011021223,2,2012-04-07,51.13333333333333,6,4,17,4,1,20,2,3,14,1,1,25,0,1,6,0,0,15,0,1,6,0,0,2,0,2,50,3,0,1,1,0,4,0,0,0,0,0,45,0,11,2,0,1,0,0,1,0,0,0,32,1,0,1,0,0,3,0,0,0,0,0,33,0,9,2,0,1,0,0,1,0,0,0,22,1,0,1,0,0,1,0,0,0,0,0,24,0,5,1,0,0,0,0,1,0,0,0,4,0,0,0,0,0,0,0,0,0,0,0,2,0,1,0,0,0,0,0,0,0,0,0,4,0,0,0,0,0,0,0,0,0,0,0,2,0,1,0,0,0,0,0,0,0,0,0,2,0,0,0,0,0,0,0,0,0,0,0,2,0,1,0,0,0,0,0,0,0,0,0,3,0,0,1,0,0,0,0,0,0,0,0,0,0,1,0,0,0,0,0,0,0,0,0
