gameId,eventId,strengthState,xCoordNorm,yCoordNorm,isRush,isRebound,isCorsi,isFenwick,isShot,isGoal,xG,goaliePlayerId
2022020011,166,even-strength,65,2,TRUE,FALSE,TRUE,FALSE,FALSE,FALSE,0,8477465
2022020011,434,even-strength,76,13,FALSE,FALSE,TRUE,FALSE,FALSE,FALSE,0,8477465
2022020011,449,even-strength,58,-8,FALSE,FALSE,TRUE,FALSE,FALSE,FALSE,0,8477465
2022020027,11,even-strength,68,15,FALSE,FALSE,TRUE,FALSE,FALSE,FALSE,0,8480280
2022020027,198,power-play,42,-2,FALSE,FALSE,TRUE,TRUE,TRUE,FALSE,0.046821701676472184,8480280
2022020027,299,power-play,71,0,FALSE,FALSE,TRUE,FALSE,FALSE,FALSE,0,8480280
2022020027,604,power-play,68,9,FALSE,FALSE,TRUE,FALSE,FALSE,FALSE,0,8480280
2022020027,645,even-strength,68,0,FALSE,FALSE,TRUE,FALSE,FALSE,FALSE,0,8480280
2022020027,818,even-strength,73,1,FALSE,FALSE,TRUE,FALSE,FALSE,FALSE,0,8480280
2022020040,863,power-play,62,-1,FALSE,FALSE,TRUE,FALSE,FALSE,FALSE,0,8478902
2022020060,220,even-strength,57,31,FALSE,FALSE,TRUE,TRUE,TRUE,FALSE,0.015865450077373815,8474596
2022020060,228,even-strength,65,14,FALSE,FALSE,TRUE,FALSE,FALSE,FALSE,0,8474596
2022020060,458,even-strength,56,22,FALSE,FALSE,TRUE,TRUE,TRUE,FALSE,0.03714239903407689,8474596
2022020060,485,even-strength,52,20,FALSE,FALSE,TRUE,TRUE,TRUE,TRUE,0.027935458721455607,8474596
2022020076,10,even-strength,36,34,TRUE,FALSE,TRUE,TRUE,FALSE,FALSE,0.019249950853681357,8476341
2022020076,21,power-play,40,10,FALSE,FALSE,TRUE,TRUE,TRUE,FALSE,0.04552737154581273,8476341
2022020076,251,even-strength,43,29,FALSE,FALSE,TRUE,FALSE,FALSE,FALSE,0,8476341
2022020076,445,even-strength,66,7,FALSE,FALSE,TRUE,FALSE,FALSE,FALSE,0,8476341
2022020076,447,power-play,51,5,FALSE,FALSE,TRUE,FALSE,FALSE,FALSE,0,8476341
2022020098,201,even-strength,39,-21,FALSE,FALSE,TRUE,TRUE,TRUE,FALSE,0.016290454877004524,8480193
2022020126,184,even-strength,65,1,FALSE,FALSE,TRUE,TRUE,FALSE,FALSE,0.0676974719288459,8479496
2022020126,458,power-play,49,2,FALSE,FALSE,TRUE,TRUE,TRUE,FALSE,0.06891919928038341,8479496
2022020126,474,power-play,35,-6,FALSE,FALSE,TRUE,TRUE,FALSE,FALSE,0.0398502678777588,8479496
2022020126,483,even-strength,49,-26,FALSE,FALSE,TRUE,FALSE,FALSE,FALSE,0,8479496
2022020156,211,power-play,44,-3,FALSE,FALSE,TRUE,TRUE,TRUE,FALSE,0.04602254331147187,8481519
2022020156,610,even-strength,76,7,FALSE,FALSE,TRUE,TRUE,FALSE,FALSE,0.08339781137595048,8481519
2022020172,198,even-strength,-84,-38,FALSE,FALSE,TRUE,TRUE,TRUE,FALSE,8.044508667347099e-5,8475809
2022020178,20,even-strength,61,-18,TRUE,FALSE,TRUE,TRUE,TRUE,FALSE,0.08571035873292158,8475311
2022020178,378,power-play,64,-1,FALSE,FALSE,TRUE,FALSE,FALSE,FALSE,0,8475311
2022020178,820,even-strength,56,24,FALSE,FALSE,TRUE,FALSE,FALSE,FALSE,0,8475311
2022020178,821,even-strength,74,33,FALSE,FALSE,TRUE,TRUE,TRUE,FALSE,0.02411487448674762,8475311
2022020178,822,even-strength,70,-9,TRUE,FALSE,TRUE,FALSE,FALSE,FALSE,0,8475311
2022020216,9,even-strength,61,26,FALSE,FALSE,TRUE,TRUE,TRUE,FALSE,0.021034771288009797,8478009
2022020216,38,even-strength,45,27,FALSE,FALSE,TRUE,FALSE,FALSE,FALSE,0,8478009
2022020216,353,even-strength,65,-40,FALSE,FALSE,TRUE,TRUE,TRUE,FALSE,0.01901864393869648,8478009
2022020216,458,even-strength,53,10,TRUE,FALSE,TRUE,FALSE,FALSE,FALSE,0,8478009
2022020216,467,power-play,63,0,FALSE,FALSE,TRUE,FALSE,FALSE,FALSE,0,8478009
2022020216,704,power-play,54,-3,FALSE,TRUE,TRUE,FALSE,FALSE,FALSE,0,8478009
2022020227,163,even-strength,42,20,FALSE,FALSE,TRUE,TRUE,FALSE,FALSE,0.039154462836199395,8481033
2022020227,474,even-strength,61,30,FALSE,FALSE,TRUE,TRUE,TRUE,FALSE,0.02759776702293788,8481033
2022020227,563,even-strength,53,30,FALSE,FALSE,TRUE,TRUE,TRUE,FALSE,0.019859016378928625,8481033
2022020239,155,even-strength,61,19,FALSE,FALSE,TRUE,FALSE,FALSE,FALSE,0,8478048
2022020239,164,power-play,45,25,FALSE,FALSE,TRUE,TRUE,TRUE,FALSE,0.04184382989543884,8478048
2022020239,165,power-play,47,-12,FALSE,FALSE,TRUE,TRUE,TRUE,FALSE,0.05645875486180338,8478048
2022020239,178,even-strength,72,0,FALSE,FALSE,TRUE,FALSE,FALSE,FALSE,0,8478048
2022020239,200,even-strength,63,27,FALSE,FALSE,TRUE,FALSE,FALSE,FALSE,0,8478048
2022020239,443,power-play,70,-18,FALSE,FALSE,TRUE,FALSE,FALSE,FALSE,0,8478048
2022020270,66,penalty-kill,-68,38,FALSE,FALSE,TRUE,TRUE,TRUE,FALSE,7.260102431592062e-4,8480313
2022020270,260,even-strength,79,-2,FALSE,FALSE,TRUE,FALSE,FALSE,FALSE,0,8480313
2022020270,261,even-strength,75,-1,FALSE,FALSE,TRUE,FALSE,FALSE,FALSE,0,8480313
2022020270,852,even-strength,79,-14,FALSE,FALSE,TRUE,TRUE,TRUE,FALSE,0.05536493818025013,8480313
2022020297,602,even-strength,37,34,FALSE,FALSE,TRUE,TRUE,TRUE,FALSE,0.00974997475159816,8477424
2022020297,851,penalty-kill,16,25,FALSE,FALSE,TRUE,TRUE,TRUE,FALSE,0.0022577138738600084,8477424
2022020303,43,even-strength,76,1,FALSE,FALSE,TRUE,FALSE,FALSE,FALSE,0,8481611
2022020303,254,even-strength,37,32,TRUE,FALSE,TRUE,TRUE,FALSE,FALSE,0.02339732082335127,8481611
2022020303,274,power-play,35,10,FALSE,FALSE,TRUE,TRUE,TRUE,FALSE,0.03404283914657223,8481611
2022020303,563,even-strength,70,1,TRUE,FALSE,TRUE,FALSE,FALSE,FALSE,0,8481611
2022020303,851,even-strength,58,25,FALSE,TRUE,TRUE,FALSE,FALSE,FALSE,0,8481611
2022020325,420,even-strength,58,-20,FALSE,FALSE,TRUE,TRUE,TRUE,TRUE,0.03555324764569465,8478024
2022020325,435,even-strength,41,8,FALSE,FALSE,TRUE,TRUE,FALSE,FALSE,0.030518543451120945,8478024
2022020341,809,even-strength,39,-10,FALSE,FALSE,TRUE,TRUE,TRUE,FALSE,0.02751242049299261,8470594
2022020341,831,even-strength,69,-1,FALSE,FALSE,TRUE,TRUE,TRUE,TRUE,0.10432646726383807,8470594
2022020375,39,even-strength,54,-9,FALSE,FALSE,TRUE,TRUE,TRUE,FALSE,0.03425242418861995,8471734
2022020375,214,power-play,40,11,FALSE,FALSE,TRUE,TRUE,TRUE,FALSE,0.043641569785843756,8471734
2022020375,481,even-strength,67,7,FALSE,FALSE,TRUE,TRUE,FALSE,FALSE,0.055183610365008864,8471734
2022020375,485,even-strength,69,35,FALSE,FALSE,TRUE,TRUE,FALSE,FALSE,0.019359410133457045,8471734
2022020388,394,power-play,32,8,FALSE,FALSE,TRUE,TRUE,TRUE,FALSE,0.03599960879454721,8477484
2022020388,399,even-strength,48,13,FALSE,FALSE,TRUE,TRUE,TRUE,FALSE,0.04220612510408823,8477484
2022020388,400,even-strength,32,-2,FALSE,FALSE,TRUE,TRUE,FALSE,FALSE,0.021217749640269574,8477484
2022020401,362,even-strength,39,27,FALSE,FALSE,TRUE,TRUE,TRUE,FALSE,0.020786184718115632,8478435
2022020401,811,even-strength,54,-30,FALSE,FALSE,TRUE,TRUE,FALSE,FALSE,0.03444449106698157,8478435
2022020431,166,power-play,66,4,FALSE,FALSE,TRUE,FALSE,FALSE,FALSE,0,8480280
2022020445,162,even-strength,39,15,FALSE,FALSE,TRUE,FALSE,FALSE,FALSE,0,8479394
2022020445,452,even-strength,53,1,FALSE,FALSE,TRUE,FALSE,FALSE,FALSE,0,8479394
2022020445,456,even-strength,75,-11,FALSE,TRUE,TRUE,FALSE,FALSE,FALSE,0,8479394
2022020465,269,even-strength,61,25,FALSE,FALSE,TRUE,TRUE,TRUE,FALSE,0.024023441026620185,8473503
2022020465,282,even-strength,70,19,FALSE,FALSE,TRUE,FALSE,FALSE,FALSE,0,8473503
2022020465,656,power-play,39,19,FALSE,FALSE,TRUE,TRUE,FALSE,FALSE,0.057894584365990466,8473503
2022020465,658,power-play,49,20,FALSE,FALSE,TRUE,FALSE,FALSE,FALSE,0,8473503
2022020483,231,even-strength,34,23,FALSE,FALSE,TRUE,TRUE,TRUE,FALSE,0.017698029798833486,8478009
2022020483,514,even-strength,42,11,FALSE,FALSE,TRUE,TRUE,FALSE,FALSE,0.03365366076324991,8478009
2022020483,515,even-strength,68,10,FALSE,FALSE,TRUE,FALSE,FALSE,FALSE,0,8478009
2022020492,468,power-play,34,9,FALSE,FALSE,TRUE,TRUE,TRUE,FALSE,0.03923392030821308,8467950
2022020508,189,even-strength,56,-5,FALSE,FALSE,TRUE,TRUE,TRUE,FALSE,0.05784899240029952,8478470
2022020523,504,even-strength,64,7,FALSE,FALSE,TRUE,FALSE,FALSE,FALSE,0,8480313
2022020523,530,power-play,48,3,FALSE,FALSE,TRUE,TRUE,TRUE,FALSE,0.20282307271419878,8480313
2022020543,302,even-strength,81,1,FALSE,FALSE,TRUE,FALSE,FALSE,FALSE,0,8471734
2022020543,727,even-strength,70,10,FALSE,FALSE,TRUE,FALSE,FALSE,FALSE,0,8471734
2022020543,910,even-strength,81,3,FALSE,FALSE,TRUE,FALSE,FALSE,FALSE,0,8471734
2022020554,171,even-strength,31,-34,FALSE,FALSE,TRUE,TRUE,FALSE,FALSE,0.008181760452506235,8480382
2022020554,419,power-play,82,-2,FALSE,FALSE,TRUE,FALSE,FALSE,FALSE,0,8480382
2022020554,420,even-strength,45,-31,FALSE,FALSE,TRUE,TRUE,TRUE,TRUE,0.016564373928456867,8480382
2022020554,421,even-strength,58,-18,FALSE,FALSE,TRUE,TRUE,TRUE,FALSE,0.032490606056149715,8480382
2022020554,422,even-strength,80,-2,FALSE,TRUE,TRUE,TRUE,FALSE,FALSE,0.2924364130575989,8480382
2022020572,470,power-play,59,16,FALSE,FALSE,TRUE,TRUE,TRUE,TRUE,0.06786111260558947,8476899
2022020582,187,even-strength,37,5,FALSE,FALSE,TRUE,TRUE,FALSE,FALSE,0.03838754695506935,8476883
2022020582,620,even-strength,46,-22,FALSE,FALSE,TRUE,TRUE,TRUE,FALSE,0.022711163538542797,8476883
2022020582,815,even-strength,73,3,FALSE,FALSE,TRUE,FALSE,FALSE,FALSE,0,8476883
2022020598,53,even-strength,39,16,TRUE,FALSE,TRUE,TRUE,TRUE,FALSE,0.03951364879243987,8481519
2022020598,82,even-strength,46,34,FALSE,FALSE,TRUE,FALSE,FALSE,FALSE,0,8481519
2022020598,94,even-strength,39,6,FALSE,FALSE,TRUE,TRUE,FALSE,FALSE,0.02207315439568982,8481519
2022020598,306,even-strength,76,-4,FALSE,FALSE,TRUE,FALSE,FALSE,FALSE,0,8481519
2022020598,307,even-strength,57,15,FALSE,FALSE,TRUE,FALSE,FALSE,FALSE,0,8481519
2022020598,873,even-strength,50,20,FALSE,FALSE,TRUE,TRUE,FALSE,FALSE,0.029713019810296185,8481519
2022020612,184,even-strength,44,-14,FALSE,FALSE,TRUE,FALSE,FALSE,FALSE,0,8479394
2022020612,441,even-strength,32,-4,FALSE,FALSE,TRUE,TRUE,TRUE,FALSE,0.022707403532566305,8479394
2022020625,339,even-strength,75,6,FALSE,FALSE,TRUE,FALSE,FALSE,FALSE,0,8471774
2022020625,710,even-strength,46,-21,FALSE,FALSE,TRUE,FALSE,FALSE,FALSE,0,8471774
2022020641,44,even-strength,64,12,FALSE,TRUE,TRUE,FALSE,FALSE,FALSE,0,8479193
2022020641,157,power-play,44,-18,FALSE,FALSE,TRUE,FALSE,FALSE,FALSE,0,8479193
2022020641,190,even-strength,64,-1,FALSE,FALSE,TRUE,FALSE,FALSE,FALSE,0,8479193
2022020657,467,even-strength,70,38,FALSE,FALSE,TRUE,TRUE,TRUE,FALSE,0.020667995849195816,8478039
2022020657,469,even-strength,65,18,TRUE,TRUE,TRUE,FALSE,FALSE,FALSE,0,8478039
2022020672,162,even-strength,36,20,FALSE,TRUE,TRUE,TRUE,TRUE,FALSE,0.04401887159418131,8476341
2022020672,776,even-strength,41,-1,FALSE,FALSE,TRUE,TRUE,TRUE,FALSE,0.031455077835975453,8476341
2022020685,309,even-strength,40,6,FALSE,FALSE,TRUE,TRUE,TRUE,FALSE,0.04533515176383977,8470594
2022020685,427,even-strength,53,4,FALSE,FALSE,TRUE,TRUE,TRUE,FALSE,0.048103486394395524,8470594
2022020685,653,even-strength,71,1,FALSE,FALSE,TRUE,FALSE,FALSE,FALSE,0,8470594
2022020693,158,even-strength,-67,-24,FALSE,FALSE,TRUE,TRUE,TRUE,FALSE,2.9451307598540866e-4,8476945
2022020693,410,even-strength,55,-20,FALSE,FALSE,TRUE,TRUE,TRUE,FALSE,0.029000215431523372,8476945
2022020710,415,even-strength,79,-5,FALSE,FALSE,TRUE,FALSE,FALSE,FALSE,0,8476433
2022020740,224,even-strength,41,-37,FALSE,FALSE,TRUE,FALSE,FALSE,FALSE,0,8479979
2022020750,157,even-strength,35,1,FALSE,FALSE,TRUE,TRUE,FALSE,FALSE,0.023134054059538913,8480313
2022020750,171,even-strength,40,23,FALSE,FALSE,TRUE,TRUE,TRUE,FALSE,0.015593802710652423,8480313
2022020750,431,even-strength,40,-3,FALSE,FALSE,TRUE,TRUE,TRUE,FALSE,0.020460831272800496,8480313
2022020763,187,even-strength,35,-34,FALSE,FALSE,TRUE,TRUE,TRUE,FALSE,0.008752417222381325,8476932
2022020763,199,even-strength,42,-3,FALSE,FALSE,TRUE,TRUE,TRUE,FALSE,0.0286091585310845,8476932
2022020763,396,even-strength,74,2,FALSE,FALSE,TRUE,FALSE,FALSE,FALSE,0,8476932
2022020763,689,even-strength,61,15,FALSE,FALSE,TRUE,FALSE,FALSE,FALSE,0,8476932
2022020763,1051,power-play,63,-5,FALSE,TRUE,TRUE,TRUE,FALSE,FALSE,0.17104964584003635,8476932
2022020779,233,even-strength,78,1,FALSE,FALSE,TRUE,TRUE,TRUE,FALSE,0.10344380702996162,8471306
2022020779,552,even-strength,82,-6,FALSE,TRUE,TRUE,FALSE,FALSE,FALSE,0,8471306
2022020779,801,even-strength,56,1,FALSE,FALSE,TRUE,FALSE,FALSE,FALSE,0,8471306
2022020796,396,even-strength,70,1,FALSE,FALSE,TRUE,FALSE,FALSE,FALSE,0,8476434
2022020796,765,power-play,45,7,FALSE,FALSE,TRUE,TRUE,TRUE,FALSE,0.05072214672454139,8476434
2022020796,772,power-play,54,8,FALSE,FALSE,TRUE,TRUE,TRUE,FALSE,0.06763641126357534,8476434
2022020796,773,power-play,43,4,FALSE,FALSE,TRUE,TRUE,FALSE,FALSE,0.057868341695976815,8476434
2022020796,958,even-strength,78,-8,FALSE,FALSE,TRUE,TRUE,TRUE,FALSE,0.10318985958922372,8476434
2022020812,172,power-play,70,3,FALSE,FALSE,TRUE,FALSE,FALSE,FALSE,0,8470594
2022020812,368,power-play,37,0,FALSE,FALSE,TRUE,TRUE,TRUE,FALSE,0.046689062599690016,8470594
2022020812,376,even-strength,32,0,FALSE,FALSE,TRUE,TRUE,TRUE,FALSE,0.02034776426346062,8470594
2022020812,754,even-strength,45,6,FALSE,FALSE,TRUE,TRUE,FALSE,FALSE,0.05474511940886703,8470594
2022020830,170,even-strength,60,-4,FALSE,FALSE,TRUE,FALSE,FALSE,FALSE,0,8483530
2022020842,162,even-strength,0,38,FALSE,FALSE,TRUE,TRUE,FALSE,FALSE,0.0017469213207104218,8476412
2022020842,502,even-strength,68,-9,FALSE,FALSE,TRUE,TRUE,TRUE,FALSE,0.06827736823339806,8476412
2022020851,186,even-strength,72,14,TRUE,FALSE,TRUE,FALSE,FALSE,FALSE,0,8480947
2022020865,164,even-strength,56,6,FALSE,FALSE,TRUE,FALSE,FALSE,FALSE,0,8470880
2022020865,175,even-strength,62,7,FALSE,FALSE,TRUE,FALSE,FALSE,FALSE,0,8470880
2022020865,297,even-strength,59,-30,TRUE,FALSE,TRUE,TRUE,TRUE,FALSE,0.034906680619737764,8470880
2022020865,352,even-strength,51,31,FALSE,FALSE,TRUE,FALSE,FALSE,FALSE,0,8470880
2022020865,713,even-strength,41,-10,FALSE,FALSE,TRUE,FALSE,FALSE,FALSE,0,8470880
2022020892,131,even-strength,78,-4,FALSE,TRUE,TRUE,TRUE,TRUE,FALSE,0.18043237619606686,8471734
2022020892,358,even-strength,40,7,FALSE,FALSE,TRUE,TRUE,FALSE,FALSE,0.022186824017571757,8471734
2022020892,383,even-strength,84,-12,FALSE,FALSE,TRUE,TRUE,TRUE,FALSE,0.046089328833808126,8471734
2022020952,155,even-strength,71,-20,FALSE,FALSE,TRUE,FALSE,FALSE,FALSE,0,8477424
2022020952,360,even-strength,76,-4,FALSE,FALSE,TRUE,FALSE,FALSE,FALSE,0,8477424
2022020952,804,even-strength,14,41,FALSE,FALSE,TRUE,TRUE,FALSE,FALSE,0.002822161178549741,8477424
2022020966,178,even-strength,53,18,FALSE,FALSE,TRUE,TRUE,FALSE,FALSE,0.03601332023572529,8471774
2022020966,257,even-strength,71,5,FALSE,FALSE,TRUE,FALSE,FALSE,FALSE,0,8471774
2022020966,422,even-strength,83,-3,FALSE,FALSE,TRUE,FALSE,FALSE,FALSE,0,8471774
2022020970,165,power-play,47,-3,FALSE,FALSE,TRUE,FALSE,FALSE,FALSE,0,8479979
2022020970,697,even-strength,46,16,FALSE,FALSE,TRUE,TRUE,TRUE,FALSE,0.04038402808740008,8479979
2022020970,1203,even-strength,45,-24,FALSE,TRUE,TRUE,TRUE,TRUE,FALSE,0.07161478838287647,8479979
2022020986,158,even-strength,49,-25,TRUE,FALSE,TRUE,FALSE,FALSE,FALSE,0,8477293
2022020986,174,even-strength,51,-9,FALSE,FALSE,TRUE,TRUE,TRUE,FALSE,0.04942307896443829,8477293
2022021020,157,even-strength,43,-17,FALSE,FALSE,TRUE,TRUE,TRUE,FALSE,0.02409686692976046,8476412
2022021034,173,even-strength,37,-24,FALSE,FALSE,TRUE,TRUE,FALSE,FALSE,0.015256321042773628,8477424
2022021041,75,even-strength,50,-27,FALSE,FALSE,TRUE,FALSE,FALSE,FALSE,0,8480382
2022021041,504,power-play,53,-18,FALSE,FALSE,TRUE,TRUE,TRUE,FALSE,0.039478330983637004,8480382
2022021058,164,even-strength,-4,35,FALSE,FALSE,TRUE,TRUE,TRUE,FALSE,0.0024249498488447207,8479406
2022021058,201,even-strength,67,-26,FALSE,FALSE,TRUE,FALSE,FALSE,FALSE,0,8479406
2022021058,575,even-strength,35,1,FALSE,FALSE,TRUE,TRUE,TRUE,FALSE,0.02750505951161728,8479406
2022021072,162,even-strength,40,22,FALSE,FALSE,TRUE,FALSE,FALSE,FALSE,0,8474593
2022021072,473,even-strength,59,-8,FALSE,FALSE,TRUE,FALSE,FALSE,FALSE,0,8474593
2022021072,856,even-strength,60,9,FALSE,FALSE,TRUE,FALSE,FALSE,FALSE,0,8474593
2022021088,209,even-strength,38,1,FALSE,FALSE,TRUE,TRUE,TRUE,FALSE,0.028872751336355695,8477967
2022021088,239,even-strength,36,30,FALSE,FALSE,TRUE,TRUE,FALSE,FALSE,0.008211021469535385,8477967
2022021128,196,even-strength,48,-23,FALSE,FALSE,TRUE,TRUE,FALSE,FALSE,0.020982349361306194,8476945
2022021128,219,penalty-kill,-70,22,FALSE,FALSE,TRUE,TRUE,TRUE,FALSE,5.770919238068705e-4,8476945
2022021128,408,even-strength,29,-9,FALSE,FALSE,TRUE,TRUE,TRUE,FALSE,0.013573205926524319,8476945
2022021128,409,even-strength,42,1,FALSE,FALSE,TRUE,TRUE,TRUE,FALSE,0.030039491689248216,8476945
2022021134,171,power-play,87,-3,FALSE,FALSE,TRUE,TRUE,TRUE,TRUE,0.08588862981998595,8479973
2022021149,12,even-strength,62,-2,FALSE,TRUE,TRUE,TRUE,TRUE,FALSE,0.1621726465898226,8480382
2022021149,324,even-strength,43,0,FALSE,FALSE,TRUE,TRUE,TRUE,FALSE,0.029281558964542827,8480382
2022021165,171,even-strength,37,32,FALSE,FALSE,TRUE,TRUE,FALSE,FALSE,0.01368980173502538,8480382
2022021165,464,even-strength,71,-3,FALSE,FALSE,TRUE,FALSE,FALSE,FALSE,0,8480382
2022021165,761,even-strength,55,4,FALSE,FALSE,TRUE,TRUE,TRUE,FALSE,0.1120596123489258,8480382
2022021175,222,power-play,84,-13,FALSE,FALSE,TRUE,TRUE,TRUE,FALSE,0.06248412383186536,8475789
2022021175,237,even-strength,65,-13,FALSE,FALSE,TRUE,TRUE,TRUE,FALSE,0.06897381009001077,8475789
2022021175,401,even-strength,69,-2,FALSE,TRUE,TRUE,FALSE,FALSE,FALSE,0,8475789
2022021203,165,even-strength,55,-34,FALSE,FALSE,TRUE,TRUE,TRUE,FALSE,0.022351855845876772,8479979
2022021203,176,even-strength,53,1,FALSE,FALSE,TRUE,FALSE,FALSE,FALSE,0,8479979
2022021203,198,even-strength,44,-19,FALSE,FALSE,TRUE,FALSE,FALSE,FALSE,0,8479979
2022021203,422,even-strength,-3,-38,FALSE,FALSE,TRUE,TRUE,TRUE,FALSE,0.0014991645570338597,8479979
2022021216,158,even-strength,51,-37,FALSE,FALSE,TRUE,TRUE,TRUE,FALSE,0.02062445848637323,8478039
2022021216,189,power-play,69,-21,FALSE,FALSE,TRUE,TRUE,TRUE,TRUE,0.05006582374487156,8478039
2022021216,537,even-strength,64,-25,FALSE,FALSE,TRUE,TRUE,FALSE,FALSE,0.03495560317562495,8478039
2022021216,759,even-strength,84,-29,FALSE,FALSE,TRUE,TRUE,TRUE,FALSE,0.022664952249568434,8478039
2022021228,18,even-strength,41,-18,FALSE,FALSE,TRUE,FALSE,FALSE,FALSE,0,8475831
2022021228,189,even-strength,46,15,FALSE,FALSE,TRUE,TRUE,FALSE,FALSE,0.034307491029475584,8475831
2022021253,154,even-strength,34,-26,FALSE,FALSE,TRUE,TRUE,FALSE,FALSE,0.010692050172984897,8475831
2022021253,188,even-strength,36,1,FALSE,FALSE,TRUE,TRUE,FALSE,FALSE,0.02897336983349619,8475831
2022021253,456,power-play,62,6,FALSE,FALSE,TRUE,FALSE,FALSE,FALSE,0,8475831
2022021253,475,even-strength,44,-2,FALSE,FALSE,TRUE,TRUE,TRUE,FALSE,0.03133950967301527,8475831
2022021253,498,even-strength,79,-35,FALSE,FALSE,TRUE,TRUE,FALSE,FALSE,0.015734983054880386,8475831
2022021260,158,even-strength,56,8,FALSE,FALSE,TRUE,TRUE,TRUE,FALSE,0.05148075186445381,8480042
2022021260,159,even-strength,73,22,FALSE,TRUE,TRUE,TRUE,TRUE,FALSE,0.10701802448778196,8480042
2022021260,172,even-strength,40,-9,FALSE,FALSE,TRUE,TRUE,TRUE,FALSE,0.033674567300955006,8480042
2022021260,484,power-play,40,10,FALSE,FALSE,TRUE,TRUE,TRUE,FALSE,0.04758804975511606,8480042
2022021260,485,power-play,47,-1,FALSE,FALSE,TRUE,TRUE,TRUE,FALSE,0.06598965448330078,8480042
2022021260,806,even-strength,46,-14,FALSE,FALSE,TRUE,TRUE,TRUE,FALSE,0.04266791403325331,8480042
2022021283,159,even-strength,46,-7,FALSE,FALSE,TRUE,TRUE,TRUE,FALSE,0.03171929985571895,8475831
2022021311,325,power-play,46,3,FALSE,FALSE,TRUE,TRUE,TRUE,FALSE,0.07296875368020195,8480420
