gameId,gameDate,mP_ev,mP_pp,mP_sh,iFW_ev,iFW_pp,iFW_sh,oFW_ev,oFW_pp,oFW_sh,iFL_ev,iFL_pp,iFL_sh,oFL_ev,oFL_pp,oFL_sh,iHG_ev,iHG_pp,iHG_sh,oHG_ev,oHG_pp,oHG_sh,iHT_ev,iHT_pp,iHT_sh,oHT_ev,oHT_pp,oHT_sh,iTW_ev,iTW_pp,iTW_sh,oTW_ev,oTW_pp,oTW_sh,iGW_ev,iGW_pp,iGW_sh,oGW_ev,oGW_pp,oGW_sh,iMD_ev,iMD_pp,iMD_sh,iMC_ev,iMC_pp,iMC_sh,iCF_ev,iCF_pp,iCF_sh,oCF_ev,oCF_pp,oCF_sh,oCA_ev,oCA_pp,oCA_sh,iFF_ev,iFF_pp,iFF_sh,oFF_ev,oFF_pp,oFF_sh,oFA_ev,oFA_pp,oFA_sh,iSF_ev,iSF_pp,iSF_sh,oSF_ev,oSF_pp,oSF_sh,oSA_ev,oSA_pp,oSA_sh,iGF_ev,iGF_pp,iGF_sh,oGF_ev,oGF_pp,oGF_sh,oGA_ev,oGA_pp,oGA_sh,iAPF_ev,iAPF_pp,iAPF_sh,oAPF_ev,oAPF_pp,oAPF_sh,oAPA_ev,oAPA_pp,oAPA_sh,iASF_ev,iASF_pp,iASF_sh,oASF_ev,oASF_pp,oASF_sh,oASA_ev,oASA_pp,oASA_sh,iRSF_ev,iRSF_pp,iRSF_sh,oRSF_ev,oRSF_pp,oRSF_sh,oRSA_ev,oRSA_pp,oRSA_sh,iRBF_ev,iRBF_pp,iRBF_sh,oRBF_ev,oRBF_pp,oRBF_sh,oRBA_ev,oRBA_pp,oRBA_sh,iRCF_ev,iRCF_pp,iRCF_sh,oRCF_ev,oRCF_pp,oRCF_sh,oRCA_ev,oRCA_pp,oRCA_sh
2021020012,2021-10-14,14.216666666666667,0.08333333333333333,1.95,0,0,0,7,0,0,0,0,0,12,0,0,1,0,0,6,0,0,1,0,0,6,0,0,0,0,0,1,0,1,0,0,0,2,0,0,0,0,0,0,0,0,2,0,0,13,0,1,17,0,6,1,0,0,9,0,1,11,0,5,1,0,0,6,0,1,7,0,5,0,0,0,0,0,0,3,0,0,0,0,0,0,0,0,2,0,0,1,0,0,0,0,0,2,0,0,0,0,0,1,0,0,0,0,0,0,0,0,0,0,0,0,0,0,0,0,0,0,0,0,0,0,1
2021020025,2021-10-16,15.416666666666666,0,0.6166666666666667,0,0,0,7,0,0,0,0,0,9,0,0,2,0,1,10,0,1,2,0,0,12,0,0,1,0,0,3,0,0,0,0,0,2,0,0,0,0,0,0,0,0,2,0,0,14,0,0,19,0,2,1,0,0,12,0,0,14,0,1,0,0,0,7,0,0,10,0,0,0,0,0,0,0,0,1,0,0,0,0,0,0,0,0,1,0,0,0,0,0,0,0,0,1,0,0,0,0,0,0,0,0,1,0,0,0,0,0,0,0,0,0,0,0,0,0,0,0,0,0,0,0,0
2021020046,2021-10-19,14.516666666666667,0,3.1,0,0,0,3,0,1,0,0,0,7,0,1,0,0,0,12,0,0,5,0,0,17,0,0,0,0,0,1,0,0,1,0,0,3,0,0,0,0,0,0,0,0,4,0,0,15,0,1,16,0,7,1,0,0,10,0,1,11,0,6,1,0,0,7,0,1,10,0,5,0,0,0,0,0,0,0,0,0,0,0,0,0,0,0,0,0,0,0,0,0,0,0,0,0,0,0,0,0,0,0,0,0,3,0,0,0,0,0,0,0,0,1,0,1,0,0,0,0,0,0,1,0,1
2021020057,2021-10-21,14.383333333333333,0,2.1333333333333333,0,0,0,3,0,0,0,0,0,4,0,0,0,0,0,8,0,0,0,0,0,4,0,0,1,0,0,3,0,0,0,0,1,0,0,1,0,0,0,0,0,0,2,0,0,12,0,0,13,0,4,2,0,0,11,0,0,9,0,4,0,0,0,8,0,0,8,0,3,0,0,0,1,0,0,0,0,0,0,0,0,1,0,0,0,0,0,0,0,0,1,0,0,0,0,0,0,0,0,1,0,0,0,0,0,0,0,0,1,0,0,0,0,0,0,0,0,1,0,0,0,0,0
2021020077,2021-10-23,18.216666666666665,0,0,0,0,0,13,0,0,0,0,0,8,0,0,1,0,0,6,0,0,3,0,0,6,0,0,1,0,0,3,0,0,0,0,0,1,0,0,0,0,0,0,0,0,0,0,0,11,0,0,20,0,0,0,0,0,9,0,0,15,0,0,0,0,0,7,0,0,8,0,0,0,0,0,1,0,0,0,0,0,0,0,0,1,0,0,0,0,0,0,0,0,1,0,0,0,0,0,0,0,0,1,0,0,0,0,0,0,0,0,0,0,0,3,0,0,0,0,0,0,0,0,3,0,0
2021020082,2021-10-24,15.516666666666667,0.8833333333333333,2.35,0,0,0,12,2,0,0,0,0,5,0,0,0,0,0,4,0,1,1,0,0,4,0,1,0,0,0,1,0,0,0,0,0,0,0,0,0,0,0,0,0,0,1,0,0,18,3,0,20,1,3,1,0,0,14,2,0,14,1,2,0,0,0,8,2,0,10,1,1,0,0,0,1,0,0,0,0,0,0,0,0,1,0,0,0,0,0,0,0,0,0,0,0,0,0,0,0,0,0,1,0,0,0,0,0,0,0,0,3,1,0,2,0,0,0,0,0,3,1,0,2,0,0
2021020121,2021-10-30,12.55,0,2.6166666666666667,0,0,0,3,0,1,0,0,0,4,0,1,0,0,0,0,0,0,0,0,0,5,0,0,0,0,0,1,0,0,1,0,0,2,0,0,0,0,0,0,0,0,2,0,0,9,0,1,14,0,5,2,0,0,8,0,1,10,0,3,0,0,0,4,0,1,4,0,1,0,0,0,0,0,0,1,0,0,0,0,0,0,0,0,1,0,0,0,0,0,0,0,0,1,0,0,0,0,0,0,0,0,0,0,0,0,0,0,0,0,0,1,0,1,0,0,0,0,0,0,1,0,1
2021020150,2021-11-04,15.666666666666666,0,2.1666666666666665,0,0,0,11,0,0,0,0,0,9,0,2,0,0,0,5,0,0,2,0,0,4,0,0,0,0,0,0,0,0,1,0,0,5,0,0,0,0,0,0,0,0,1,0,0,5,0,0,24,0,3,0,0,0,3,0,0,16,0,1,0,0,0,3,0,0,11,0,1,0,0,0,0,0,0,0,0,0,0,0,0,0,0,0,0,0,0,0,0,0,0,0,0,0,0,0,0,0,0,1,0,0,0,0,0,0,0,0,0,0,0,0,0,0,0,0,0,0,0,0,0,0,0
2021020170,2021-11-06,18.683333333333334,0,0.6666666666666666,0,0,0,9,0,0,0,0,0,7,0,0,0,0,0,7,0,0,1,0,0,3,0,0,0,0,0,2,0,0,1,0,0,3,0,0,0,0,0,0,0,0,0,0,0,19,0,0,18,0,0,0,0,0,19,0,0,14,0,0,0,0,0,12,0,0,8,0,0,0,0,0,0,0,0,0,0,0,0,0,0,0,0,0,0,0,0,0,0,0,0,0,0,0,0,0,0,0,0,6,0,0,3,0,0,0,0,0,2,0,0,1,0,0,0,0,0,2,0,0,1,0,0
2021020176,2021-11-07,15.983333333333333,0,1.1333333333333333,0,0,0,12,0,0,0,0,0,6,0,0,0,0,0,3,0,0,0,0,0,1,0,0,0,0,0,3,0,0,1,0,0,2,0,0,0,0,0,0,0,0,1,0,0,14,0,1,15,0,2,1,0,0,9,0,1,12,0,2,0,0,0,6,0,0,8,0,2,0,0,0,0,0,0,0,0,0,0,0,0,0,0,0,0,0,0,0,0,0,0,0,0,0,0,0,0,0,0,0,0,0,0,0,0,0,0,0,1,0,0,1,0,0,0,0,0,1,0,0,1,0,0
2021020199,2021-11-11,17.033333333333335,0,0.95,0,0,0,3,0,1,0,0,0,8,0,2,0,0,0,7,0,0,2,0,0,9,0,0,0,0,0,1,0,0,1,0,0,5,0,0,0,0,0,0,0,0,1,0,0,15,0,0,22,0,3,0,0,0,12,0,0,15,0,3,0,0,0,10,0,0,12,0,2,0,0,0,0,0,0,0,0,0,0,0,0,0,0,0,0,0,0,0,0,0,0,0,0,0,0,0,0,0,0,2,0,0,3,0,0,0,0,0,1,0,0,0,0,0,0,0,0,1,0,0,0,0,0
2021020230,2021-11-15,16.15,0,2.533333333333333,0,0,0,6,0,1,0,0,0,5,0,0,0,0,0,13,0,0,2,0,0,14,0,0,0,0,0,3,0,0,0,0,0,0,0,0,0,0,0,0,0,0,4,0,0,16,0,0,14,0,4,4,0,0,13,0,0,10,0,3,3,0,0,10,0,0,7,0,3,0,0,0,1,0,0,0,0,1,0,0,0,1,0,0,0,0,1,0,0,0,0,0,0,0,0,1,0,0,0,1,0,0,0,0,0,0,0,0,1,0,0,1,0,0,0,0,0,1,0,0,1,0,0
2021020233,2021-11-16,16.7,0,3.033333333333333,0,0,0,7,0,2,0,0,0,8,0,4,1,0,0,9,0,1,2,0,0,11,0,0,0,0,0,4,0,0,0,0,0,8,0,0,0,0,0,0,0,0,1,0,0,14,0,0,17,0,3,1,0,0,11,0,0,14,0,3,1,0,0,10,0,0,10,0,3,0,0,0,0,0,0,2,0,0,0,0,0,0,0,0,1,0,0,0,0,0,0,0,0,0,0,0,1,0,0,3,0,0,1,0,0,0,0,0,1,0,0,1,0,0,0,0,0,1,0,0,1,0,0
2021020355,2021-12-02,16.216666666666665,0,3.7,0,0,0,8,0,0,0,0,0,6,0,0,1,0,0,5,0,0,2,0,0,3,0,1,0,0,0,1,0,0,0,0,0,2,0,1,0,0,0,0,0,0,3,0,0,14,0,0,23,0,7,1,0,0,7,0,0,17,0,4,0,0,0,6,0,0,13,0,3,0,0,0,1,0,0,0,0,0,1,0,0,1,0,0,0,0,0,0,0,0,1,0,0,0,0,0,0,0,0,1,0,0,2,0,0,0,0,0,0,0,0,5,0,0,0,0,0,0,0,0,4,0,0
2021020369,2021-12-04,18.533333333333335,0,1.4166666666666667,0,0,0,8,0,1,0,0,0,5,0,1,0,0,0,9,0,0,1,0,0,4,0,0,0,0,0,0,0,0,0,0,0,3,0,0,2,0,0,0,0,0,3,0,0,20,0,2,18,0,1,0,0,0,11,0,2,16,0,0,0,0,0,8,0,2,13,0,0,0,0,0,0,0,1,3,0,0,0,0,0,0,0,1,2,0,0,0,0,0,0,0,1,2,0,0,0,0,0,1,0,0,2,0,0,0,0,0,1,0,0,0,0,0,0,0,0,1,0,0,0,0,0
2021020377,2021-12-05,14.95,0.2833333333333333,2.0833333333333335,0,0,0,5,0,1,0,0,0,4,0,1,1,0,0,5,0,0,1,0,0,5,1,0,0,0,0,1,0,0,1,0,0,3,0,0,0,0,0,0,0,0,1,0,0,6,0,0,10,0,5,1,0,0,5,0,0,8,0,5,0,0,0,3,0,0,6,0,5,0,0,0,0,0,0,0,0,1,0,0,0,0,0,0,0,0,1,0,0,0,0,0,0,0,0,1,0,0,0,0,0,0,0,0,0,0,0,0,0,0,0,0,0,0,0,0,0,0,0,0,0,0,0
2021020391,2021-12-07,14.916666666666666,0,3.8666666666666667,0,0,0,6,0,2,0,0,0,5,0,2,0,0,0,8,0,2,2,0,1,9,0,1,0,0,1,1,0,1,0,0,0,4,0,0,0,0,0,0,0,0,3,0,0,14,0,0,9,0,8,3,0,0,14,0,0,6,0,6,2,0,0,10,0,0,4,0,5,0,0,0,3,0,0,1,0,0,0,0,0,3,0,0,1,0,0,0,0,0,2,0,0,1,0,0,0,0,0,0,0,0,1,0,0,0,0,0,1,0,0,0,0,0,0,0,0,1,0,0,0,0,0
2021020404,2021-12-09,18.183333333333334,0.18333333333333332,0.75,0,0,0,7,1,0,0,0,0,11,0,0,0,0,0,10,0,0,1,0,0,11,0,0,0,0,0,1,0,0,0,0,0,7,0,0,0,0,0,0,0,0,0,0,0,11,0,0,17,0,1,0,0,0,7,0,0,14,0,1,0,0,0,6,0,0,10,0,0,0,0,0,1,0,0,3,0,0,1,0,0,1,0,0,3,0,0,0,0,0,1,0,0,2,0,0,0,0,0,0,0,0,4,0,0,0,0,0,0,0,0,2,0,0,0,0,0,0,0,0,2,0,0
2021020422,2021-12-11,17.333333333333332,0,1.6166666666666667,0,0,0,7,0,0,0,0,0,9,0,2,0,0,0,6,0,0,1,0,0,4,0,0,0,0,0,2,0,0,1,0,0,6,0,0,0,0,0,0,0,0,5,0,0,23,0,0,12,0,3,3,0,0,18,0,0,9,0,3,2,0,0,11,0,0,8,0,2,1,0,0,1,0,0,2,0,0,0,0,0,1,0,0,2,0,0,0,0,0,1,0,0,0,0,0,0,0,0,0,0,0,0,0,0,0,0,0,3,0,0,1,0,0,0,0,0,3,0,0,1,0,0
2021020438,2021-12-14,15.266666666666667,0,1.7666666666666666,0,0,0,12,0,2,0,0,0,8,0,2,1,0,0,4,0,0,1,0,0,3,0,0,0,0,0,0,0,0,1,0,0,4,0,0,0,0,0,0,0,0,2,0,1,17,0,1,10,0,3,0,0,1,12,0,1,7,0,3,0,0,1,10,0,1,5,0,1,0,0,0,0,0,0,0,0,0,0,0,0,0,0,0,0,0,0,0,0,0,0,0,0,0,0,0,0,0,0,1,0,0,0,0,0,0,0,0,1,0,0,0,0,0,0,0,0,1,0,0,0,0,0
2021020458,2021-12-16,15.933333333333334,0.03333333333333333,1.0666666666666667,0,0,0,6,0,0,0,0,0,5,0,0,0,0,0,6,0,0,1,0,0,12,0,0,0,0,0,0,0,0,0,0,0,3,0,0,2,0,2,0,0,0,1,0,0,6,0,2,15,0,0,1,0,0,4,0,2,12,0,0,1,0,0,3,0,2,10,0,0,0,0,0,0,0,0,0,0,0,0,0,0,0,0,0,0,0,0,0,0,0,0,0,0,0,0,0,0,0,0,0,0,0,0,0,0,0,0,0,0,0,0,2,0,0,0,0,0,0,0,0,2,0,0
2021020483,2021-12-19,16.783333333333335,0,0,0,0,0,7,0,0,0,0,0,5,0,0,0,0,0,7,0,0,3,0,0,5,0,0,0,0,0,2,0,0,0,0,0,2,0,0,0,0,0,0,0,0,3,0,0,10,0,0,12,0,0,3,0,0,10,0,0,9,0,0,2,0,0,9,0,0,6,0,0,0,0,0,2,0,0,0,0,0,0,0,0,2,0,0,0,0,0,0,0,0,1,0,0,0,0,0,0,0,0,1,0,0,0,0,0,0,0,0,0,0,0,0,0,0,0,0,0,0,0,0,0,0,0
2021020553,2021-12-30,16.183333333333334,0,1.6166666666666667,0,0,0,9,0,2,0,0,0,5,0,0,1,0,0,8,0,0,0,0,0,8,0,0,0,0,0,0,0,0,1,0,0,3,0,0,0,0,0,0,0,0,2,0,0,14,0,0,13,0,7,1,0,0,11,0,0,10,0,7,1,0,0,9,0,0,9,0,7,0,0,0,1,0,0,0,0,1,1,0,0,1,0,0,0,0,1,0,0,0,0,0,0,0,0,1,0,0,0,2,0,0,1,0,0,0,0,0,0,0,0,0,0,3,0,0,0,0,0,0,0,0,2
2021020569,2022-01-01,18.583333333333332,0,0,0,0,0,8,0,0,0,0,0,8,0,0,1,0,0,2,0,0,2,0,0,7,0,0,0,0,0,1,0,0,1,0,0,7,0,0,0,0,0,0,0,0,2,0,0,14,0,0,19,0,0,2,0,0,8,0,0,14,0,0,1,0,0,6,0,0,9,0,0,0,0,0,0,0,0,0,0,0,0,0,0,0,0,0,0,0,0,0,0,0,0,0,0,0,0,0,0,0,0,0,0,0,1,0,0,0,0,0,1,0,0,1,0,0,0,0,0,1,0,0,1,0,0
2021020653,2022-01-13,15.333333333333334,0,3.216666666666667,0,0,0,5,0,1,0,0,0,10,0,0,1,0,0,7,0,1,0,0,0,6,0,0,0,0,0,2,0,0,0,0,0,1,0,0,0,0,0,0,0,0,2,0,0,9,0,0,18,0,7,1,0,0,5,0,0,12,0,4,0,0,0,3,0,0,10,0,3,0,0,0,0,0,0,0,0,0,0,0,0,0,0,0,0,0,0,0,0,0,0,0,0,0,0,0,0,0,0,1,0,0,0,0,0,0,0,0,0,0,0,0,0,1,0,0,0,0,0,0,0,0,1
2021020670,2022-01-15,15.866666666666667,0,0.75,0,0,0,6,0,0,0,0,0,8,0,0,1,0,0,6,0,0,0,0,0,2,0,0,0,0,0,1,0,2,1,0,0,7,0,0,0,0,0,2,0,0,1,0,0,13,0,0,20,0,0,0,0,0,9,0,0,12,0,0,0,0,0,6,0,0,11,0,0,0,0,0,0,0,0,1,0,0,0,0,0,0,0,0,1,0,0,0,0,0,0,0,0,0,0,0,0,0,0,0,0,0,2,0,0,0,0,0,1,0,0,0,0,0,0,0,0,1,0,0,0,0,0
2021020684,2022-01-17,14.333333333333334,0,3.283333333333333,0,0,0,3,0,2,0,0,0,4,0,1,0,0,0,2,0,0,2,0,0,5,0,0,0,0,0,4,0,1,0,0,0,3,0,2,0,0,0,0,0,0,0,0,0,9,0,3,14,0,2,0,0,0,8,0,3,9,0,2,0,0,0,7,0,2,6,0,2,0,0,0,2,0,0,0,0,0,0,0,0,2,0,0,0,0,0,1,0,0,2,0,0,0,0,0,0,0,0,1,0,0,2,0,0,0,0,0,0,0,0,1,0,0,0,0,0,0,0,0,1,0,0
2021020340,2022-01-18,16.516666666666666,0.06666666666666667,1.8333333333333333,0,0,0,7,1,0,0,0,0,6,0,1,1,0,0,9,0,0,2,0,1,7,0,1,0,0,0,1,0,0,0,0,0,2,0,0,0,0,0,0,0,0,1,0,0,10,0,1,20,0,3,0,0,0,3,0,0,14,0,3,0,0,0,3,0,0,10,0,2,0,0,0,1,0,0,1,0,1,0,0,0,1,0,0,1,0,1,0,0,0,1,0,0,1,0,1,0,0,0,0,0,0,0,0,0,1,0,0,1,0,0,2,0,1,0,0,0,1,0,0,2,0,1
2021020714,2022-01-21,19.416666666666668,0,0,0,0,0,4,0,0,0,0,0,5,0,0,0,0,0,6,0,0,0,0,0,3,0,0,0,0,0,2,0,0,0,0,0,3,0,0,0,0,0,0,0,0,1,0,0,12,0,0,14,0,0,1,0,0,9,0,0,9,0,0,1,0,0,7,0,0,6,0,0,0,0,0,0,0,0,0,0,0,0,0,0,0,0,0,0,0,0,0,0,0,0,0,0,0,0,0,1,0,0,1,0,0,0,0,0,0,0,0,0,0,0,0,0,0,0,0,0,0,0,0,0,0,0
2021021211,2022-01-22,12.05,0,2.1666666666666665,0,0,0,6,0,1,0,0,0,2,0,2,0,0,0,6,0,1,0,0,0,3,0,0,0,0,0,1,0,0,0,0,0,4,0,0,0,0,0,0,0,0,4,0,0,6,0,0,10,0,2,3,0,0,5,0,0,8,0,1,2,0,0,4,0,0,6,0,1,0,0,0,0,0,0,2,0,0,0,0,0,0,0,0,1,0,0,0,0,0,0,0,0,1,0,0,0,0,0,0,0,0,1,0,0,0,0,0,0,0,0,1,0,0,0,0,0,0,0,0,1,0,0
2021020746,2022-01-25,16.216666666666665,0,0.7,0,0,0,13,0,0,0,0,0,6,0,0,1,0,0,6,0,0,1,0,0,4,0,0,1,0,0,2,0,0,0,0,0,2,0,0,0,0,0,0,0,0,4,0,0,12,0,0,9,0,0,3,0,0,10,0,0,5,0,0,1,0,0,7,0,0,3,0,0,0,0,0,0,0,0,1,0,0,0,0,0,0,0,0,1,0,0,0,0,0,0,0,0,1,0,0,0,0,0,1,0,0,0,0,0,1,0,0,1,0,0,0,0,0,1,0,0,1,0,0,0,0,0
2021020761,2022-01-27,15.966666666666667,0,0.5333333333333333,0,0,0,8,0,0,0,0,0,6,0,1,1,0,0,9,0,0,0,0,0,2,0,0,0,0,1,1,0,1,2,0,0,3,0,0,0,0,0,0,0,0,0,0,0,9,0,0,16,0,1,0,0,0,8,0,0,13,0,1,0,0,0,6,0,0,7,0,0,0,0,0,1,0,0,2,0,0,0,0,0,1,0,0,2,0,0,0,0,0,1,0,0,2,0,0,0,0,0,0,0,0,1,0,0,0,0,0,2,0,0,0,0,0,0,0,0,2,0,0,0,0,0
2021020784,2022-01-30,14.733333333333333,0,0.2833333333333333,0,0,0,11,0,0,0,0,0,6,0,0,0,0,0,13,0,0,2,0,0,4,0,0,1,0,0,1,0,0,1,0,0,5,0,0,0,0,0,0,0,0,0,0,0,13,0,0,12,0,0,0,0,0,10,0,0,7,0,0,0,0,0,7,0,0,6,0,0,0,0,0,1,0,0,1,0,0,0,0,0,0,0,0,1,0,0,0,0,0,0,0,0,1,0,0,0,0,0,1,0,0,2,0,0,0,0,0,0,0,0,1,0,0,0,0,0,0,0,0,1,0,0
2021020799,2022-02-01,16.2,0,0.9166666666666666,0,0,0,4,0,1,0,0,0,9,0,0,0,0,0,7,0,0,3,0,0,10,0,1,0,0,0,1,0,0,0,0,0,2,0,0,0,0,0,0,0,0,3,0,0,10,0,0,13,0,1,2,0,0,8,0,0,9,0,0,1,0,0,6,0,0,6,0,0,0,0,0,0,0,0,1,0,0,0,0,0,0,0,0,1,0,0,0,0,0,0,0,0,1,0,0,0,0,0,2,0,0,1,0,0,0,0,0,0,0,0,0,0,0,0,0,0,0,0,0,0,0,0
2021020777,2022-02-02,15.283333333333333,0,1.7333333333333334,0,0,0,7,0,0,0,0,0,9,0,1,0,0,0,15,0,0,0,0,0,5,0,0,0,0,0,1,0,0,1,0,0,4,0,0,0,0,0,0,0,0,2,0,0,15,0,1,14,0,2,1,0,0,10,0,1,13,0,1,1,0,0,4,0,0,10,0,1,0,0,0,0,0,0,0,0,0,0,0,0,0,0,0,0,0,0,0,0,0,0,0,0,0,0,0,0,0,0,0,0,0,0,0,0,0,0,0,2,0,0,3,0,0,0,0,0,2,0,0,3,0,0
2021020598,2022-02-09,18.266666666666666,0,1.4833333333333334,0,0,0,8,0,0,0,0,0,6,0,0,1,0,0,12,0,0,2,0,0,11,0,0,0,0,0,3,0,1,0,0,0,0,0,0,0,0,0,0,0,0,0,0,0,17,0,0,22,0,3,0,0,0,15,0,0,16,0,2,0,0,0,12,0,0,13,0,2,0,0,0,3,0,0,1,0,0,0,0,0,3,0,0,0,0,0,0,0,0,3,0,0,0,0,0,0,0,0,0,0,0,0,0,0,0,0,0,1,0,0,1,0,0,0,0,0,1,0,0,1,0,0
2021020623,2022-02-11,14.366666666666667,0,0.8666666666666667,0,0,0,4,0,1,0,0,0,7,0,0,1,0,0,12,0,0,1,0,0,11,0,0,0,0,0,1,0,0,1,0,0,3,0,0,0,0,0,0,0,0,2,0,0,14,0,0,16,0,3,2,0,0,12,0,0,7,0,3,1,0,0,10,0,0,6,0,3,0,0,0,0,0,0,0,0,0,0,0,0,0,0,0,0,0,0,0,0,0,0,0,0,0,0,0,0,0,0,1,0,0,0,0,0,0,0,0,0,0,0,0,0,1,0,0,0,0,0,0,0,0,1
2021020642,2022-02-12,17.066666666666666,0,0.9833333333333333,0,0,0,9,0,2,0,0,0,6,0,0,1,0,0,5,0,0,0,0,0,4,0,0,0,0,0,1,0,0,0,0,0,3,0,0,0,0,0,0,0,0,1,0,0,13,0,2,23,0,0,1,0,0,13,0,1,17,0,0,1,0,0,5,0,0,10,0,0,0,0,0,0,0,0,3,0,0,0,0,0,0,0,0,3,0,0,0,0,0,0,0,0,3,0,0,0,0,0,1,0,0,2,0,0,0,0,0,1,0,0,1,0,0,0,0,0,1,0,0,1,0,0
2021020845,2022-02-27,14.433333333333334,0,0.75,0,0,0,7,0,0,0,0,0,5,0,0,0,0,0,8,0,0,0,0,0,5,0,0,0,0,0,0,0,0,0,0,0,4,0,0,0,0,0,0,0,0,2,0,0,8,0,2,16,0,1,2,0,0,6,0,2,10,0,0,2,0,0,6,0,1,6,0,0,1,0,0,1,0,0,0,0,0,0,0,0,1,0,0,0,0,0,0,0,0,1,0,0,0,0,0,0,0,0,1,0,1,2,0,0,0,0,0,0,0,0,0,0,0,0,0,0,0,0,0,0,0,0
2021020857,2022-03-01,13.083333333333334,0,2.033333333333333,0,0,0,6,0,1,0,0,0,4,0,1,0,0,0,3,0,0,0,0,0,3,0,0,0,0,0,2,0,0,0,0,0,0,0,0,0,0,0,0,0,0,2,0,1,18,0,1,14,0,7,1,0,1,13,0,1,10,0,6,0,0,1,9,0,1,8,0,2,0,0,0,2,0,0,1,0,1,1,0,0,2,0,0,1,0,1,0,0,0,2,0,0,0,0,1,0,0,0,0,0,0,0,0,0,0,0,0,2,0,0,1,0,1,1,0,0,2,0,0,1,0,1
2021020866,2022-03-03,14.816666666666666,0,1.1166666666666667,0,0,0,7,0,0,0,0,0,12,0,1,1,0,0,6,0,0,1,0,0,9,0,0,0,0,0,1,0,0,1,0,0,3,0,0,0,0,0,0,0,0,4,0,0,20,0,0,18,0,1,4,0,0,14,0,0,11,0,0,3,0,0,10,0,0,10,0,0,0,0,0,1,0,0,1,0,0,0,0,0,1,0,0,1,0,0,1,0,0,1,0,0,1,0,0,0,0,0,1,0,0,1,0,0,1,0,0,3,0,0,1,0,0,1,0,0,3,0,0,1,0,0
2021020882,2022-03-05,16.783333333333335,0,1.8166666666666667,0,0,0,5,0,0,0,0,0,5,0,0,0,0,0,10,0,0,2,0,0,10,0,0,0,0,0,2,0,0,1,0,0,4,0,1,0,0,0,0,0,0,0,0,0,4,0,2,26,0,3,0,0,0,3,0,2,16,0,2,0,0,0,3,0,1,13,0,2,0,0,0,0,0,0,0,0,0,0,0,0,0,0,0,0,0,0,0,0,0,0,0,0,0,0,0,0,0,0,0,0,0,0,0,0,0,0,0,0,0,1,3,0,0,0,0,0,0,0,1,3,0,0
2021020900,2022-03-07,15.283333333333333,0,1.3833333333333333,0,0,0,10,0,0,0,0,0,10,0,0,1,0,0,6,0,0,1,0,0,1,0,1,0,0,0,1,0,0,0,0,0,3,0,0,0,0,0,2,0,0,1,0,0,18,0,0,17,0,2,1,0,0,13,0,0,15,0,2,1,0,0,11,0,0,12,0,2,0,0,0,0,0,0,2,0,0,0,0,0,0,0,0,2,0,0,0,0,0,0,0,0,2,0,0,0,0,0,1,0,0,2,0,0,0,0,0,2,0,0,1,0,0,0,0,0,2,0,0,1,0,0
2021020693,2022-03-10,14.366666666666667,0,3.8833333333333333,0,0,0,6,0,1,0,0,0,6,0,6,1,0,1,5,0,1,0,0,0,3,0,0,1,0,0,1,0,0,0,0,1,6,0,1,0,0,0,0,0,0,1,0,0,8,0,1,14,0,8,0,0,0,7,0,1,8,0,6,0,0,0,3,0,1,6,0,4,0,0,0,1,0,0,0,0,0,0,0,0,1,0,0,0,0,0,0,0,0,1,0,0,0,0,0,0,0,0,0,0,0,1,0,2,0,0,0,0,0,0,1,0,1,0,0,0,0,0,0,1,0,1
2021020928,2022-03-11,17.95,0,0,0,0,0,6,0,0,0,0,0,5,0,0,2,0,0,10,0,0,3,0,0,8,0,0,0,0,0,1,0,0,0,0,0,3,0,0,0,0,0,0,0,0,4,0,0,17,0,0,16,0,0,4,0,0,10,0,0,11,0,0,3,0,0,8,0,0,10,0,0,0,0,0,0,0,0,1,0,0,0,0,0,0,0,0,1,0,0,0,0,0,0,0,0,1,0,0,0,0,0,0,0,0,0,0,0,0,0,0,1,0,0,2,0,0,0,0,0,1,0,0,2,0,0
2021020943,2022-03-13,16.05,0,0.75,0,0,0,9,0,0,0,0,0,8,0,0,0,0,0,8,0,0,1,0,0,6,0,0,1,0,0,3,0,0,1,0,0,4,0,0,0,0,0,0,0,0,4,0,0,15,0,0,21,0,0,2,0,0,7,0,0,16,0,0,1,0,0,6,0,0,14,0,0,0,0,0,0,0,0,1,0,0,0,0,0,0,0,0,1,0,0,0,0,0,0,0,0,0,0,0,0,0,0,0,0,0,1,0,0,1,0,0,1,0,0,3,0,0,0,0,0,1,0,0,3,0,0
2021020956,2022-03-15,18.116666666666667,0,0,0,0,0,5,0,0,0,0,0,11,0,0,1,0,0,8,0,0,1,0,0,7,0,0,0,0,0,0,0,0,0,0,0,2,0,0,0,0,0,0,0,0,3,0,0,16,0,0,11,0,0,3,0,0,13,0,0,11,0,0,1,0,0,8,0,0,6,0,0,0,0,0,1,0,0,1,0,0,0,0,0,1,0,0,1,0,0,0,0,0,1,0,0,0,0,0,0,0,0,0,0,0,0,0,0,0,0,0,0,0,0,1,0,0,0,0,0,0,0,0,1,0,0
2021020328,2022-03-17,15.15,0,1.6166666666666667,0,0,0,0,0,0,0,0,0,5,0,0,1,0,0,6,0,0,2,0,0,10,0,0,0,0,0,0,0,0,0,0,0,3,0,0,0,0,0,0,0,0,1,0,0,8,0,1,12,0,2,0,0,0,5,0,1,9,0,1,0,0,0,3,0,1,5,0,1,0,0,0,0,0,0,0,0,1,0,0,0,0,0,0,0,0,1,0,0,0,0,0,0,0,0,1,0,0,0,1,0,0,1,0,0,0,0,0,0,0,0,1,0,0,0,0,0,0,0,0,1,0,0
2021020985,2022-03-19,16.85,0,0.13333333333333333,0,0,0,9,0,0,0,0,0,8,0,0,0,0,0,14,0,0,3,0,0,9,0,0,0,0,0,1,0,0,2,0,0,3,0,0,0,0,0,0,0,0,2,0,0,9,0,0,13,0,0,1,0,0,6,0,0,9,0,0,1,0,0,4,0,0,7,0,0,0,0,0,1,0,0,2,0,0,0,0,0,1,0,0,2,0,0,0,0,0,1,0,0,2,0,0,0,0,0,1,0,0,0,0,0,0,0,0,0,0,0,1,0,0,0,0,0,0,0,0,1,0,0
2021021021,2022-03-22,17.883333333333333,0,1.6333333333333333,0,0,0,7,0,0,0,0,0,8,0,0,0,0,0,7,0,0,2,0,0,10,0,0,0,0,0,1,0,0,2,0,0,9,0,0,0,0,0,0,0,0,2,0,0,18,0,0,9,0,0,1,0,0,12,0,0,7,0,0,1,0,0,8,0,0,6,0,0,0,0,0,1,0,0,0,0,0,0,0,0,1,0,0,0,0,0,0,0,0,1,0,0,0,0,0,0,0,0,2,0,0,2,0,0,0,0,0,3,0,0,1,0,0,0,0,0,3,0,0,1,0,0
2021020545,2022-03-24,17.1,0,0.6,0,0,0,10,0,1,0,0,0,10,0,1,0,0,0,4,0,0,1,0,0,8,0,0,1,0,0,5,0,0,1,0,0,4,0,0,0,0,0,0,0,0,4,0,0,15,0,0,21,0,0,4,0,0,14,0,0,14,0,0,1,0,0,8,0,0,9,0,0,0,0,0,1,0,0,0,0,0,0,0,0,1,0,0,0,0,0,0,0,0,1,0,0,0,0,0,0,0,0,0,0,0,0,0,0,0,0,0,1,0,0,2,0,0,1,0,0,1,0,0,2,0,0
2021021034,2022-03-26,15.75,0,1.7166666666666666,0,0,0,8,0,1,0,0,0,7,0,1,1,0,0,7,0,1,1,0,0,8,0,0,0,0,0,0,0,0,0,0,0,3,0,0,0,0,0,2,0,0,1,0,0,5,0,0,18,0,2,1,0,0,4,0,0,15,0,2,0,0,0,3,0,0,13,0,1,0,0,0,0,0,0,3,0,0,0,0,0,0,0,0,3,0,0,0,0,0,0,0,0,3,0,0,0,0,0,0,0,0,0,0,0,0,0,0,0,0,0,1,0,0,0,0,0,0,0,0,1,0,0
2021021048,2022-03-27,13.833333333333334,0,3.85,0,0,0,9,0,2,0,0,0,6,0,3,0,0,0,5,0,0,3,0,0,7,0,0,0,0,1,1,0,2,1,0,0,1,0,0,0,0,0,0,0,0,1,0,1,9,0,1,21,0,7,0,0,1,4,0,1,16,0,5,0,0,1,1,0,1,10,0,3,0,0,0,0,0,0,0,0,1,0,0,0,0,0,0,0,0,1,0,0,0,0,0,0,0,0,1,0,0,0,0,0,0,0,0,0,0,0,0,0,0,0,3,0,1,0,0,0,0,0,0,3,0,1
2021021063,2022-03-29,13.383333333333333,0,1.5,0,0,0,4,0,0,0,0,0,10,0,0,0,0,0,8,0,0,0,0,0,7,0,0,0,0,0,1,0,0,0,0,0,0,0,0,0,0,0,0,0,0,0,0,0,7,0,0,17,0,0,0,0,0,5,0,0,13,0,0,0,0,0,3,0,0,9,0,0,0,0,0,0,0,0,2,0,0,0,0,0,0,0,0,1,0,0,0,0,0,0,0,0,1,0,0,0,0,0,0,0,0,0,0,0,0,0,0,0,0,0,3,0,0,0,0,0,0,0,0,3,0,0
2021021102,2022-04-03,14,0,2.1166666666666667,0,0,0,10,0,0,0,0,0,1,0,0,0,0,0,7,0,2,1,0,0,5,0,1,0,0,0,1,0,0,0,0,0,0,0,0,0,0,0,0,0,0,2,0,0,15,0,0,15,0,4,2,0,0,13,0,0,11,0,4,1,0,0,9,0,0,8,0,0,0,0,0,0,0,0,1,0,0,0,0,0,0,0,0,1,0,0,0,0,0,0,0,0,1,0,0,1,0,0,2,0,0,1,0,0,0,0,0,2,0,0,4,0,0,0,0,0,2,0,0,4,0,0
2021021121,2022-04-05,13.65,0,1.5833333333333333,0,0,0,6,0,0,0,0,0,5,0,1,0,0,0,5,0,0,0,0,0,8,0,0,0,0,0,0,0,0,0,0,0,1,0,0,0,0,0,0,0,0,1,0,0,10,0,1,22,0,1,1,0,0,8,0,1,19,0,1,1,0,0,5,0,0,16,0,1,0,0,0,0,0,0,1,0,0,0,0,0,0,0,0,1,0,0,0,0,0,0,0,0,1,0,0,0,0,0,2,0,1,0,0,0,0,0,0,0,0,0,3,0,0,0,0,0,0,0,0,3,0,0
2021021139,2022-04-08,13.916666666666666,0.08333333333333333,3.183333333333333,0,0,0,4,0,0,0,0,0,5,0,0,1,0,0,6,0,0,1,0,0,5,0,0,1,0,0,4,0,1,0,0,1,0,0,1,0,0,0,0,0,0,0,0,0,11,0,0,14,0,4,0,0,0,9,0,0,13,0,3,0,0,0,5,0,0,7,0,3,0,0,0,0,0,0,0,0,0,0,0,0,0,0,0,0,0,0,0,0,0,0,0,0,0,0,0,0,0,0,1,0,0,2,0,0,0,0,0,1,0,0,2,0,0,0,0,0,1,0,0,2,0,0
2021021147,2022-04-09,14.3,0,3.3333333333333335,0,0,0,5,0,2,0,0,0,11,0,0,0,0,0,6,0,0,0,0,0,4,0,0,0,0,0,3,0,2,1,0,0,2,0,0,0,0,0,0,0,0,0,0,0,8,0,0,14,0,8,0,0,0,6,0,0,14,0,6,0,0,0,6,0,0,8,0,4,0,0,0,1,0,0,1,0,0,0,0,0,1,0,0,1,0,0,0,0,0,0,0,0,1,0,0,0,0,0,2,0,0,1,0,0,0,0,0,0,0,0,0,0,2,0,0,0,0,0,0,0,0,2
2021020922,2022-04-12,14.75,0,1.2833333333333334,0,0,0,5,0,0,0,0,0,7,0,1,0,0,0,1,0,0,0,0,0,6,0,0,0,0,0,1,0,0,1,0,0,6,0,0,0,0,0,0,0,0,1,0,0,11,0,2,16,0,2,1,0,0,9,0,2,13,0,1,1,0,0,7,0,2,12,0,0,0,0,0,1,0,0,1,0,0,0,0,0,0,0,0,1,0,0,0,0,0,0,0,0,1,0,0,0,0,0,1,0,0,1,0,0,0,0,0,0,0,0,2,0,1,0,0,0,0,0,0,2,0,1
2021021185,2022-04-14,12.533333333333333,0.36666666666666664,2.3,0,0,0,1,1,1,0,0,0,6,0,1,0,0,0,11,0,0,0,0,1,6,0,1,0,0,0,0,0,0,0,0,0,0,0,0,0,0,0,0,0,0,3,0,0,13,0,0,11,0,0,1,0,0,9,0,0,7,0,0,0,0,0,7,0,0,3,0,0,0,0,0,2,0,0,0,0,0,0,0,0,2,0,0,0,0,0,0,0,0,0,0,0,0,0,0,1,0,0,1,0,0,0,0,0,0,0,0,1,0,0,1,0,0,0,0,0,1,0,0,1,0,0
2021021193,2022-04-15,18.1,0,2.7,0,0,0,5,0,0,0,0,0,7,0,2,2,0,0,12,0,0,4,0,0,8,0,0,0,0,0,3,0,0,0,0,0,4,0,0,0,0,0,0,0,0,2,0,1,9,0,3,28,0,8,1,0,1,5,0,2,19,0,4,1,0,0,5,0,1,11,0,3,0,0,0,0,0,0,0,0,0,0,0,0,0,0,0,0,0,0,0,0,0,0,0,0,0,0,0,1,0,0,5,0,0,2,0,0,0,0,1,1,0,1,2,0,0,0,0,0,1,0,1,2,0,0
2021020723,2022-04-17,14.783333333333333,0,1.75,0,0,0,6,0,0,0,0,0,3,0,2,6,0,0,15,0,0,1,0,1,9,0,1,0,0,0,2,0,0,1,0,1,6,0,1,0,0,0,0,0,0,5,0,0,12,0,0,20,0,5,4,0,0,8,0,0,14,0,5,4,0,0,7,0,0,7,0,4,0,0,0,0,0,0,0,0,0,0,0,0,0,0,0,0,0,0,0,0,0,0,0,0,0,0,0,0,0,0,1,0,0,4,0,0,0,0,0,0,0,0,1,0,0,0,0,0,0,0,0,1,0,0
2021021223,2022-04-19,13.833333333333334,0,2.95,0,0,0,10,0,1,0,0,0,4,0,0,1,0,0,9,0,0,0,0,0,5,0,0,0,0,0,4,0,0,2,0,1,6,0,1,0,0,0,2,0,0,1,0,0,7,0,1,19,0,2,1,0,0,6,0,1,15,0,1,1,0,0,6,0,1,13,0,0,0,0,0,1,0,0,0,0,0,1,0,0,1,0,0,0,0,0,0,0,0,1,0,0,0,0,0,0,0,0,0,0,0,2,0,0,0,0,0,0,0,0,2,0,0,0,0,0,0,0,0,2,0,0
2021021237,2022-04-21,15.066666666666666,0,0,0,0,0,4,0,0,0,0,0,3,0,0,1,0,0,6,0,0,3,0,0,10,0,0,0,0,0,5,0,0,0,0,0,1,0,0,0,0,0,0,0,0,0,0,0,5,0,0,9,0,0,0,0,0,5,0,0,5,0,0,0,0,0,2,0,0,4,0,0,0,0,0,0,0,0,2,0,0,0,0,0,0,0,0,2,0,0,0,0,0,0,0,0,2,0,0,0,0,0,0,0,0,0,0,0,0,0,0,0,0,0,1,0,0,0,0,0,0,0,0,1,0,0
2021021249,2022-04-23,12.083333333333334,0,4.6,0,0,0,4,0,0,0,0,0,5,0,1,0,0,0,4,0,0,0,0,0,0,0,0,0,0,0,3,0,0,0,0,1,0,0,1,0,0,0,0,0,0,0,0,0,6,0,0,14,0,6,0,0,0,5,0,0,11,0,6,0,0,0,5,0,0,9,0,3,0,0,0,0,0,0,1,0,1,0,0,0,0,0,0,1,0,1,0,0,0,0,0,0,1,0,1,0,0,0,0,0,0,1,0,0,0,0,0,0,0,0,0,0,1,0,0,0,0,0,0,0,0,1
2021021262,2022-04-24,14.4,0,0,0,0,0,5,0,0,0,0,0,5,0,0,0,0,0,7,0,0,0,0,0,2,0,0,1,0,0,1,0,0,3,0,0,4,0,0,0,0,0,0,0,0,3,0,0,13,0,0,19,0,0,1,0,0,11,0,0,16,0,0,1,0,0,11,0,0,10,0,0,0,0,0,1,0,0,0,0,0,0,0,0,1,0,0,0,0,0,0,0,0,1,0,0,0,0,0,0,0,0,0,0,0,2,0,0,0,0,0,1,0,0,0,0,0,0,0,0,1,0,0,0,0,0
2021021279,2022-04-26,16.716666666666665,0,3.816666666666667,0,0,0,6,0,1,0,0,0,11,0,1,0,0,0,5,0,0,0,0,0,7,0,0,0,0,0,2,0,0,1,0,0,1,0,0,0,0,0,2,0,0,0,0,0,5,0,1,24,0,4,0,0,0,4,0,1,16,0,3,0,0,0,4,0,1,11,0,3,0,0,0,0,0,0,0,0,0,0,0,0,0,0,0,0,0,0,0,0,0,0,0,0,0,0,0,0,0,0,1,0,0,2,0,0,0,0,0,0,0,0,3,0,0,0,0,0,0,0,0,3,0,0
2021020513,2022-04-28,16.05,0.08333333333333333,5.1,0,0,0,10,0,5,0,0,0,7,0,2,0,0,0,1,0,0,1,0,0,6,0,0,0,0,0,1,0,0,3,0,0,7,0,1,0,0,0,0,0,0,2,0,0,13,0,0,16,0,8,1,0,0,10,0,0,13,0,8,1,0,0,9,0,0,7,0,4,0,0,0,1,0,0,1,0,0,0,0,0,0,0,0,1,0,0,0,0,0,0,0,0,1,0,0,0,0,0,0,0,0,1,0,0,0,0,0,1,0,0,1,0,1,0,0,0,1,0,0,1,0,1
2021021292,2022-04-29,16.65,0,0.7333333333333333,0,0,0,8,0,0,0,0,0,8,0,1,0,0,0,4,0,0,1,0,0,2,0,0,1,0,0,4,0,0,1,0,0,4,0,0,0,0,0,0,0,0,3,0,0,12,0,0,20,0,3,2,0,0,9,0,0,17,0,3,1,0,0,8,0,0,11,0,2,0,0,0,1,0,0,1,0,1,0,0,0,0,0,0,1,0,1,0,0,0,0,0,0,1,0,1,0,0,0,2,0,0,0,0,0,0,0,0,1,0,0,2,0,0,0,0,0,1,0,0,2,0,0
