"task","candidate","modelFile","feature","gain","gainShare","rank"
"Term","LightGBM","term3.rds","prevAAVP",0.145329040506212,0.145329040506212,1
"Term","LightGBM","term3.rds","mP_2_ev_avg",0.0972121688881566,0.0972121688881565,2
"Term","LightGBM","term3.rds","isResign",0.0693970903558491,0.069397090355849,3
"Term","LightGBM","term3.rds","ageAtSigning",0.0651630159386896,0.0651630159386895,4
"Term","LightGBM","term3.rds","mP_2_pp_avg",0.0455081171250701,0.04550811712507,5
"Term","LightGBM","term3.rds","prevTerm",0.0343937531667889,0.0343937531667889,6
"Term","LightGBM","term3.rds","oGF_2_ev_p60_avg",0.0266152271205817,0.0266152271205816,7
"Term","LightGBM","term3.rds","oxGF_2_ev_p60_avg",0.0238240185725653,0.0238240185725653,8
"Term","LightGBM","term3.rds","dMP_2_pp_avg",0.0165219633054137,0.0165219633054137,9
"Term","LightGBM","term3.rds","dMP_2_sh_avg",0.0148900742377257,0.0148900742377257,10
"Term","LightGBM","term3.rds","x_2_ev_p60_avg",0.0143274402512166,0.0143274402512166,11
"Term","LightGBM","term3.rds","mP_2_sh_avg",0.0135577538792482,0.0135577538792482,12
"Term","LightGBM","term3.rds","contractNumber",0.013079179569584,0.013079179569584,13
"Term","LightGBM","term3.rds","iGF_2_ev_p60_avg",0.0113350720722167,0.0113350720722167,14
"Term","LightGBM","term3.rds","dMP_2_ev_avg",0.0102443114043756,0.0102443114043756,15
"Term","LightGBM","term3.rds","ixGF_2_ev_p60_avg",0.00963145020262665,0.00963145020262664,16
"Term","LightGBM","term3.rds","assists_2_pp_p60_avg",0.00959152604397692,0.00959152604397691,17
"Term","LightGBM","term3.rds","dHits_2_sh_p60_avg",0.00929580050506794,0.00929580050506793,18
"Term","LightGBM","term3.rds","dOGF_2_sh_p60_avg",0.00895016362974953,0.00895016362974953,19
"Term","LightGBM","term3.rds","oFenwickA_2_ev_p60_avg",0.00816587281823151,0.0081658728182315,20
"Term","LightGBM","term3.rds","oSOGA_2_ev_p60_avg",0.00791422777046426,0.00791422777046425,21
"Term","LightGBM","term3.rds","takeaways_2_ev_p60_avg",0.00784899412539189,0.00784899412539188,22
"Term","LightGBM","term3.rds","takeaways_2_pp_p60_avg",0.00781142549891824,0.00781142549891823,23
"Term","LightGBM","term3.rds","dTakeaways_2_pp_p60_avg",0.00698865573295848,0.00698865573295848,24
"Term","LightGBM","term3.rds","dX_2_ev_p60_avg",0.00696169460786933,0.00696169460786932,25
"Term","LightGBM","term3.rds","oCorsiA_2_ev_p60_avg",0.00688049611443062,0.00688049611443061,26
"Term","LightGBM","term3.rds","iSOGF_2_pp_p60_avg",0.00685515238626946,0.00685515238626946,27
"Term","LightGBM","term3.rds","dAssists_2_sh_p60_avg",0.00683495137845266,0.00683495137845265,28
"Term","LightGBM","term3.rds","hits_2_sh_p60_avg",0.00673657395813763,0.00673657395813763,29
"Term","LightGBM","term3.rds","hits_2_ev_p60_avg",0.00640229473303778,0.00640229473303778,30
"Term","LightGBM","term3.rds","dY_2_sh_p60_avg",0.0061259023441169,0.0061259023441169,31
"Term","LightGBM","term3.rds","dOGA_2_pp_p60_avg",0.0061059836374596,0.00610598363745959,32
"Term","LightGBM","term3.rds","oxGF_2_sh_p60_avg",0.00603020759377216,0.00603020759377215,33
"Term","LightGBM","term3.rds","dHits_2_pp_p60_avg",0.00585842986167376,0.00585842986167376,34
"Term","LightGBM","term3.rds","oSOGF_2_ev_p60_avg",0.0056988586513272,0.0056988586513272,35
"Term","LightGBM","term3.rds","dAssists_2_pp_p60_avg",0.00550508785264005,0.00550508785264004,36
"Term","LightGBM","term3.rds","dIGF_2_pp_p60_avg",0.00538578888705065,0.00538578888705065,37
"Term","LightGBM","term3.rds","dTakeaways_2_sh_p60_avg",0.00524780444864472,0.00524780444864472,38
"Term","LightGBM","term3.rds","oCorsiF_2_ev_p60_avg",0.00515500647572765,0.00515500647572765,39
"Term","LightGBM","term3.rds","takeaways_2_sh_p60_avg",0.00499053628198156,0.00499053628198156,40
"Term","LightGBM","term3.rds","oxGA_2_pp_p60_avg",0.00496234520716759,0.00496234520716759,41
"Term","LightGBM","term3.rds","oSOGA_2_pp_p60_avg",0.00491468877858699,0.00491468877858699,42
"Term","LightGBM","term3.rds","dISOGF_2_sh_p60_avg",0.00488908420468571,0.00488908420468571,43
"Term","LightGBM","term3.rds","dIxGF_2_pp_p60_avg",0.00484511061031125,0.00484511061031125,44
"Term","LightGBM","term3.rds","oGF_2_sh_p60_avg",0.00477476089211489,0.00477476089211488,45
"Term","LightGBM","term3.rds","oxGF_2_pp_p60_avg",0.0047563785842534,0.0047563785842534,46
"Term","LightGBM","term3.rds","dOGF_2_pp_p60_avg",0.00470114475233542,0.00470114475233541,47
"Term","LightGBM","term3.rds","giveaways_2_ev_p60_avg",0.00417318583258156,0.00417318583258156,48
"Term","LightGBM","term3.rds","dIGF_2_sh_p60_avg",0.00402516037261025,0.00402516037261025,49
"Term","LightGBM","term3.rds","positionCode_R",0.00391970567031614,0.00391970567031614,50
"Term","LightGBM","term3.rds","oGA_2_pp_p60_avg",0.00374489956070933,0.00374489956070932,51
"Term","LightGBM","term3.rds","oCorsiA_2_pp_p60_avg",0.00364543013561399,0.00364543013561399,52
"Term","LightGBM","term3.rds","assists_2_ev_p60_avg",0.00341421210200434,0.00341421210200434,53
"Term","LightGBM","term3.rds","oCorsiF_2_sh_p60_avg",0.00338276861743292,0.00338276861743292,54
"Term","LightGBM","term3.rds","oGA_2_sh_p60_avg",0.00337485392814154,0.00337485392814153,55
"Term","LightGBM","term3.rds","giveaways_2_pp_p60_avg",0.00336115535523336,0.00336115535523336,56
"Term","LightGBM","term3.rds","y_2_pp_p60_avg",0.00333130574752414,0.00333130574752414,57
"Term","LightGBM","term3.rds","iCorsiF_2_pp_p60_avg",0.0033060310280571,0.0033060310280571,58
"Term","LightGBM","term3.rds","oSOGF_2_sh_p60_avg",0.00330473079583584,0.00330473079583584,59
"Term","LightGBM","term3.rds","dOxGA_2_pp_p60_avg",0.00327237449002448,0.00327237449002448,60
"Term","LightGBM","term3.rds","oSOGF_2_pp_p60_avg",0.00317999235621756,0.00317999235621755,61
"Term","LightGBM","term3.rds","oFenwickA_2_pp_p60_avg",0.00311346228825697,0.00311346228825696,62
"Term","LightGBM","term3.rds","iCorsiF_2_sh_p60_avg",0.00307524477721617,0.00307524477721617,63
"Term","LightGBM","term3.rds","giveaways_2_sh_p60_avg",0.00307294880586383,0.00307294880586382,64
"Term","LightGBM","term3.rds","hits_2_pp_p60_avg",0.00306128346295682,0.00306128346295682,65
"Term","LightGBM","term3.rds","ixGF_2_sh_p60_avg",0.0030226120677713,0.0030226120677713,66
"Term","LightGBM","term3.rds","dY_2_pp_p60_avg",0.00302185494019081,0.00302185494019081,67
"Term","LightGBM","term3.rds","dIxGF_2_sh_p60_avg",0.00300097407811035,0.00300097407811035,68
"Term","LightGBM","term3.rds","dGiveaways_2_ev_p60_avg",0.00297903732445124,0.00297903732445124,69
"Term","LightGBM","term3.rds","dBlocks_2_pp_p60_avg",0.00291874059914738,0.00291874059914738,70
"Term","LightGBM","term3.rds","iGF_2_pp_p60_avg",0.00287806445642231,0.00287806445642231,71
"Term","LightGBM","term3.rds","oFenwickF_2_ev_p60_avg",0.00286110636823373,0.00286110636823373,72
"Term","LightGBM","term3.rds","oGF_2_pp_p60_avg",0.00283349520551466,0.00283349520551465,73
"Term","LightGBM","term3.rds","dBlocks_2_sh_p60_avg",0.00281454502932914,0.00281454502932914,74
"Term","LightGBM","term3.rds","blocks_2_pp_p60_avg",0.00279026606710412,0.00279026606710412,75
"Term","LightGBM","term3.rds","dOSOGF_2_sh_p60_avg",0.00277406001128669,0.00277406001128669,76
"Term","LightGBM","term3.rds","oFenwickF_2_pp_p60_avg",0.00274128211916225,0.00274128211916225,77
"Term","LightGBM","term3.rds","assists_2_sh_p60_avg",0.00266582320395969,0.00266582320395968,78
"Term","LightGBM","term3.rds","dOCorsiA_2_ev_p60_avg",0.002658116808516,0.002658116808516,79
"Term","LightGBM","term3.rds","x_2_sh_p60_avg",0.00254373649480006,0.00254373649480006,80
"Term","LightGBM","term3.rds","dOCorsiF_2_sh_p60_avg",0.00251040467977048,0.00251040467977048,81
"Term","LightGBM","term3.rds","ixGF_2_pp_p60_avg",0.00240360481806575,0.00240360481806575,82
"Term","LightGBM","term3.rds","oGA_2_ev_p60_avg",0.00239290041714934,0.00239290041714934,83
"Term","LightGBM","term3.rds","y_2_ev_p60_avg",0.00230146150076597,0.00230146150076597,84
"Term","LightGBM","term3.rds","dIGF_2_ev_p60_avg",0.00226714277870395,0.00226714277870395,85
"Term","LightGBM","term3.rds","dX_2_pp_p60_avg",0.00219242648422403,0.00219242648422403,86
"Term","LightGBM","term3.rds","oCorsiA_2_sh_p60_avg",0.00207019413297311,0.00207019413297311,87
"Term","LightGBM","term3.rds","dOGF_2_ev_p60_avg",0.00205508640868881,0.00205508640868881,88
"Term","LightGBM","term3.rds","dICorsiF_2_pp_p60_avg",0.00203846578756357,0.00203846578756357,89
"Term","LightGBM","term3.rds","dHits_2_ev_p60_avg",0.00202412905176097,0.00202412905176097,90
"Term","LightGBM","term3.rds","iCorsiF_2_ev_p60_avg",0.00200006404003192,0.00200006404003192,91
"Term","LightGBM","term3.rds","dOxGA_2_sh_p60_avg",0.00192912243841352,0.00192912243841352,92
"Term","LightGBM","term3.rds","y_2_sh_p60_avg",0.00189306860439187,0.00189306860439187,93
"Term","LightGBM","term3.rds","dOFenwickF_2_sh_p60_avg",0.00187384370949107,0.00187384370949107,94
"Term","LightGBM","term3.rds","dIFenwickF_2_ev_p60_avg",0.00186766034093721,0.0018676603409372,95
"Term","LightGBM","term3.rds","dX_2_sh_p60_avg",0.00186116234320731,0.00186116234320731,96
"Term","LightGBM","term3.rds","blocks_2_sh_p60_avg",0.00182298853384937,0.00182298853384937,97
"Term","LightGBM","term3.rds","dOGA_2_ev_p60_avg",0.00180045986658334,0.00180045986658334,98
"Term","LightGBM","term3.rds","dAssists_2_ev_p60_avg",0.00177039887409374,0.00177039887409374,99
"Term","LightGBM","term3.rds","dIFenwickF_2_pp_p60_avg",0.00174371694715745,0.00174371694715745,100
"Term","LightGBM","term3.rds","dOxGA_2_ev_p60_avg",0.00174319218285547,0.00174319218285547,101
"Term","LightGBM","term3.rds","oxGA_2_ev_p60_avg",0.00162383822039761,0.00162383822039761,102
"Term","LightGBM","term3.rds","dOFenwickF_2_pp_p60_avg",0.00162152644423718,0.00162152644423718,103
"Term","LightGBM","term3.rds","dOSOGF_2_pp_p60_avg",0.00160970346376384,0.00160970346376384,104
"Term","LightGBM","term3.rds","iFenwickF_2_sh_p60_avg",0.00159797226346518,0.00159797226346517,105
"Term","LightGBM","term3.rds","oFenwickF_2_sh_p60_avg",0.0015756664210526,0.0015756664210526,106
"Term","LightGBM","term3.rds","dGiveaways_2_sh_p60_avg",0.00153500105433304,0.00153500105433304,107
"Term","LightGBM","term3.rds","dOFenwickF_2_ev_p60_avg",0.00150579272459883,0.00150579272459883,108
"Term","LightGBM","term3.rds","dGiveaways_2_pp_p60_avg",0.00137875008522736,0.00137875008522736,109
"Term","LightGBM","term3.rds","iSOGF_2_ev_p60_avg",0.00136591679839532,0.00136591679839532,110
"Term","LightGBM","term3.rds","dICorsiF_2_sh_p60_avg",0.00136287069631985,0.00136287069631985,111
"Term","LightGBM","term3.rds","dISOGF_2_pp_p60_avg",0.00134862961039473,0.00134862961039473,112
"Term","LightGBM","term3.rds","iFenwickF_2_ev_p60_avg",0.00134302413154818,0.00134302413154818,113
"Term","LightGBM","term3.rds","dOCorsiF_2_ev_p60_avg",0.0012654440215398,0.00126544402153979,114
"Term","LightGBM","term3.rds","dOGA_2_sh_p60_avg",0.00121236249901161,0.00121236249901161,115
"Term","LightGBM","term3.rds","dOFenwickA_2_sh_p60_avg",0.00113511662024643,0.00113511662024643,116
"Term","LightGBM","term3.rds","dOxGF_2_pp_p60_avg",0.00113050883651179,0.00113050883651179,117
"Term","LightGBM","term3.rds","dOSOGA_2_ev_p60_avg",0.00108426840524022,0.00108426840524022,118
"Term","LightGBM","term3.rds","oCorsiF_2_pp_p60_avg",0.00106210119598762,0.00106210119598762,119
"Term","LightGBM","term3.rds","dIFenwickF_2_sh_p60_avg",0.00105379974167155,0.00105379974167154,120
"Term","LightGBM","term3.rds","dOSOGA_2_pp_p60_avg",0.00104142096682993,0.00104142096682993,121
"Term","LightGBM","term3.rds","dOxGF_2_ev_p60_avg",0.00104074362394908,0.00104074362394908,122
"Term","LightGBM","term3.rds","dY_2_ev_p60_avg",0.00103061401577033,0.00103061401577033,123
"Term","LightGBM","term3.rds","dOCorsiA_2_pp_p60_avg",0.000982001003897153,0.000982001003897152,124
"Term","LightGBM","term3.rds","oxGA_2_sh_p60_avg",0.000964998652586774,0.000964998652586774,125
"Term","LightGBM","term3.rds","dISOGF_2_ev_p60_avg",0.0009643168664902,0.000964316866490199,126
"Term","LightGBM","term3.rds","dICorsiF_2_ev_p60_avg",0.000941072901863398,0.000941072901863398,127
"Term","LightGBM","term3.rds","dOxGF_2_sh_p60_avg",0.000921851767999814,0.000921851767999814,128
"Term","LightGBM","term3.rds","dOCorsiF_2_pp_p60_avg",0.000860001015924733,0.000860001015924732,129
"Term","LightGBM","term3.rds","dOCorsiA_2_sh_p60_avg",0.000854765893596994,0.000854765893596993,130
"Term","LightGBM","term3.rds","dOSOGF_2_ev_p60_avg",0.000848101444313066,0.000848101444313066,131
"Term","LightGBM","term3.rds","iGF_2_sh_p60_avg",0.000833786900441137,0.000833786900441137,132
"Term","LightGBM","term3.rds","dOFenwickA_2_ev_p60_avg",0.000826243793175078,0.000826243793175077,133
"Term","LightGBM","term3.rds","dTakeaways_2_ev_p60_avg",0.000808587516421029,0.000808587516421028,134
"Term","LightGBM","term3.rds","iSOGF_2_sh_p60_avg",0.000773102758118979,0.000773102758118979,135
"Term","LightGBM","term3.rds","iFenwickF_2_pp_p60_avg",0.000745891013930224,0.000745891013930224,136
"Term","LightGBM","term3.rds","oFenwickA_2_sh_p60_avg",0.000693748283720808,0.000693748283720807,137
"Term","LightGBM","term3.rds","x_2_pp_p60_avg",0.00067965022587556,0.000679650225875559,138
"Term","LightGBM","term3.rds","blocks_2_ev_p60_avg",0.000672424899087984,0.000672424899087984,139
"Term","LightGBM","term3.rds","dIxGF_2_ev_p60_avg",0.000669623765500822,0.000669623765500821,140
"Term","LightGBM","term3.rds","dOFenwickA_2_pp_p60_avg",0.000629978792930001,0.000629978792930001,141
"Term","LightGBM","term3.rds","dOSOGA_2_sh_p60_avg",0.000479540250272509,0.000479540250272509,142
"Term","LightGBM","term3.rds","dBlocks_2_ev_p60_avg",0.000451109296142585,0.000451109296142585,143
"Term","LightGBM","term3.rds","oSOGA_2_sh_p60_avg",0.000435552112818345,0.000435552112818345,144
"AAV%","XGBoost","aavP2.rds","term",0.513540619377695,0.513540619377696,1
"AAV%","XGBoost","aavP2.rds","prevAAVP",0.191770861179598,0.191770861179598,2
"AAV%","XGBoost","aavP2.rds","mP_2_pp_avg",0.0663647120666728,0.0663647120666728,3
"AAV%","XGBoost","aavP2.rds","mP_2_ev_avg",0.0452753046027172,0.0452753046027172,4
"AAV%","XGBoost","aavP2.rds","x_2_pp_p60_avg",0.0151490561052478,0.0151490561052478,5
"AAV%","XGBoost","aavP2.rds","oGF_2_ev_p60_avg",0.0111530938653995,0.0111530938653995,6
"AAV%","XGBoost","aavP2.rds","isResign",0.0111184205611096,0.0111184205611096,7
"AAV%","XGBoost","aavP2.rds","contractNumber",0.00924564719202604,0.00924564719202604,8
"AAV%","XGBoost","aavP2.rds","ageAtSigning",0.00644654898817846,0.00644654898817846,9
"AAV%","XGBoost","aavP2.rds","assists_2_ev_p60_avg",0.00602464183913297,0.00602464183913297,10
"AAV%","XGBoost","aavP2.rds","assists_2_pp_p60_avg",0.00500586213248413,0.00500586213248413,11
"AAV%","XGBoost","aavP2.rds","giveaways_2_pp_p60_avg",0.00426809956262562,0.00426809956262562,12
"AAV%","XGBoost","aavP2.rds","dAssists_2_pp_p60_avg",0.00344858053979115,0.00344858053979115,13
"AAV%","XGBoost","aavP2.rds","iGF_2_ev_p60_avg",0.00342670330855222,0.00342670330855222,14
"AAV%","XGBoost","aavP2.rds","dMP_2_ev_avg",0.00306297199421224,0.00306297199421224,15
"AAV%","XGBoost","aavP2.rds","hits_2_pp_p60_avg",0.00301614052574495,0.00301614052574495,16
"AAV%","XGBoost","aavP2.rds","oxGF_2_ev_p60_avg",0.00288611314656415,0.00288611314656415,17
"AAV%","XGBoost","aavP2.rds","dGiveaways_2_pp_p60_avg",0.00252952744512555,0.00252952744512555,18
"AAV%","XGBoost","aavP2.rds","dIxGF_2_sh_p60_avg",0.00248291990506577,0.00248291990506577,19
"AAV%","XGBoost","aavP2.rds","prevTerm",0.00236980218292126,0.00236980218292126,20
"AAV%","XGBoost","aavP2.rds","oSOGF_2_ev_p60_avg",0.00217251245187664,0.00217251245187664,21
"AAV%","XGBoost","aavP2.rds","x_2_ev_p60_avg",0.00217041135268201,0.00217041135268201,22
"AAV%","XGBoost","aavP2.rds","dBlocks_2_pp_p60_avg",0.00204347169743152,0.00204347169743152,23
"AAV%","XGBoost","aavP2.rds","hits_2_ev_p60_avg",0.00204280661092201,0.00204280661092201,24
"AAV%","XGBoost","aavP2.rds","oGF_2_pp_p60_avg",0.00198735370737355,0.00198735370737355,25
"AAV%","XGBoost","aavP2.rds","dIGF_2_pp_p60_avg",0.00190361960291479,0.0019036196029148,26
"AAV%","XGBoost","aavP2.rds","giveaways_2_ev_p60_avg",0.00186584517726843,0.00186584517726843,27
"AAV%","XGBoost","aavP2.rds","blocks_2_pp_p60_avg",0.00170844034926306,0.00170844034926306,28
"AAV%","XGBoost","aavP2.rds","oGA_2_pp_p60_avg",0.00168861885736185,0.00168861885736185,29
"AAV%","XGBoost","aavP2.rds","oxGF_2_sh_p60_avg",0.00158124815253075,0.00158124815253075,30
"AAV%","XGBoost","aavP2.rds","dOGF_2_sh_p60_avg",0.00150592342103734,0.00150592342103734,31
"AAV%","XGBoost","aavP2.rds","dY_2_sh_p60_avg",0.00145187380217597,0.00145187380217597,32
"AAV%","XGBoost","aavP2.rds","dMP_2_pp_avg",0.00140642427820994,0.00140642427820994,33
"AAV%","XGBoost","aavP2.rds","blocks_2_ev_p60_avg",0.00139977819790994,0.00139977819790994,34
"AAV%","XGBoost","aavP2.rds","oSOGA_2_ev_p60_avg",0.00136120490288497,0.00136120490288497,35
"AAV%","XGBoost","aavP2.rds","oGA_2_ev_p60_avg",0.00132740645051872,0.00132740645051872,36
"AAV%","XGBoost","aavP2.rds","dTakeaways_2_pp_p60_avg",0.00129817470222729,0.0012981747022273,37
"AAV%","XGBoost","aavP2.rds","takeaways_2_ev_p60_avg",0.00127515534041413,0.00127515534041413,38
"AAV%","XGBoost","aavP2.rds","oFenwickA_2_ev_p60_avg",0.00124799559976354,0.00124799559976354,39
"AAV%","XGBoost","aavP2.rds","iCorsiF_2_pp_p60_avg",0.00122364864872069,0.00122364864872069,40
"AAV%","XGBoost","aavP2.rds","dTakeaways_2_sh_p60_avg",0.00120768724236391,0.00120768724236391,41
"AAV%","XGBoost","aavP2.rds","dISOGF_2_sh_p60_avg",0.00120248387346208,0.00120248387346208,42
"AAV%","XGBoost","aavP2.rds","mP_2_sh_avg",0.00117704732889445,0.00117704732889446,43
"AAV%","XGBoost","aavP2.rds","giveaways_2_sh_p60_avg",0.00114755155561314,0.00114755155561314,44
"AAV%","XGBoost","aavP2.rds","dOGF_2_ev_p60_avg",0.00113461873312008,0.00113461873312008,45
"AAV%","XGBoost","aavP2.rds","dAssists_2_sh_p60_avg",0.0011241512284195,0.0011241512284195,46
"AAV%","XGBoost","aavP2.rds","iGF_2_pp_p60_avg",0.00111642837784541,0.00111642837784541,47
"AAV%","XGBoost","aavP2.rds","dIFenwickF_2_sh_p60_avg",0.00102893562549691,0.00102893562549691,48
"AAV%","XGBoost","aavP2.rds","iSOGF_2_pp_p60_avg",0.000982386555632429,0.000982386555632429,49
"AAV%","XGBoost","aavP2.rds","y_2_sh_p60_avg",0.00096985374200407,0.000969853742004071,50
"AAV%","XGBoost","aavP2.rds","oGF_2_sh_p60_avg",0.00095690847904392,0.00095690847904392,51
"AAV%","XGBoost","aavP2.rds","dOGF_2_pp_p60_avg",0.000952383785469483,0.000952383785469484,52
"AAV%","XGBoost","aavP2.rds","oSOGF_2_pp_p60_avg",0.000945557605484464,0.000945557605484465,53
"AAV%","XGBoost","aavP2.rds","takeaways_2_pp_p60_avg",0.00094256624732611,0.00094256624732611,54
"AAV%","XGBoost","aavP2.rds","dOGA_2_pp_p60_avg",0.000930338033749514,0.000930338033749515,55
"AAV%","XGBoost","aavP2.rds","dHits_2_pp_p60_avg",0.000887531534863476,0.000887531534863477,56
"AAV%","XGBoost","aavP2.rds","blocks_2_sh_p60_avg",0.000886892286247148,0.000886892286247148,57
"AAV%","XGBoost","aavP2.rds","takeaways_2_sh_p60_avg",0.000880325155065183,0.000880325155065183,58
"AAV%","XGBoost","aavP2.rds","dIGF_2_ev_p60_avg",0.000871579028225464,0.000871579028225464,59
"AAV%","XGBoost","aavP2.rds","oCorsiA_2_ev_p60_avg",0.000867754158772466,0.000867754158772466,60
"AAV%","XGBoost","aavP2.rds","dOGA_2_sh_p60_avg",0.000842688531515749,0.00084268853151575,61
"AAV%","XGBoost","aavP2.rds","dOSOGF_2_sh_p60_avg",0.000802874443442973,0.000802874443442973,62
"AAV%","XGBoost","aavP2.rds","oxGA_2_pp_p60_avg",0.000734699583318518,0.000734699583318518,63
"AAV%","XGBoost","aavP2.rds","dOSOGF_2_pp_p60_avg",0.000727011948835866,0.000727011948835866,64
"AAV%","XGBoost","aavP2.rds","dBlocks_2_sh_p60_avg",0.000698465718128733,0.000698465718128733,65
"AAV%","XGBoost","aavP2.rds","dTakeaways_2_ev_p60_avg",0.00068477431423123,0.00068477431423123,66
"AAV%","XGBoost","aavP2.rds","iFenwickF_2_sh_p60_avg",0.000653979516946572,0.000653979516946572,67
"AAV%","XGBoost","aavP2.rds","iFenwickF_2_pp_p60_avg",0.000642448448006196,0.000642448448006196,68
"AAV%","XGBoost","aavP2.rds","dGiveaways_2_ev_p60_avg",0.000642144613521639,0.000642144613521639,69
"AAV%","XGBoost","aavP2.rds","dBlocks_2_ev_p60_avg",0.000633163792485581,0.000633163792485581,70
"AAV%","XGBoost","aavP2.rds","oFenwickA_2_sh_p60_avg",0.000618160302094294,0.000618160302094294,71
"AAV%","XGBoost","aavP2.rds","dMP_2_sh_avg",0.000615537038217782,0.000615537038217782,72
"AAV%","XGBoost","aavP2.rds","dOFenwickF_2_sh_p60_avg",0.000606833783141553,0.000606833783141553,73
"AAV%","XGBoost","aavP2.rds","oCorsiA_2_sh_p60_avg",0.000604706224030398,0.000604706224030398,74
"AAV%","XGBoost","aavP2.rds","y_2_pp_p60_avg",0.000603967786613048,0.000603967786613048,75
"AAV%","XGBoost","aavP2.rds","x_2_sh_p60_avg",0.000602006355585417,0.000602006355585418,76
"AAV%","XGBoost","aavP2.rds","dHits_2_ev_p60_avg",0.000597457068164515,0.000597457068164515,77
"AAV%","XGBoost","aavP2.rds","iSOGF_2_sh_p60_avg",0.000594869163923292,0.000594869163923292,78
"AAV%","XGBoost","aavP2.rds","dIxGF_2_pp_p60_avg",0.000579765384228126,0.000579765384228126,79
"AAV%","XGBoost","aavP2.rds","dX_2_sh_p60_avg",0.000577324516738249,0.00057732451673825,80
"AAV%","XGBoost","aavP2.rds","hits_2_sh_p60_avg",0.000576000898888437,0.000576000898888437,81
"AAV%","XGBoost","aavP2.rds","ixGF_2_sh_p60_avg",0.000559468140156846,0.000559468140156846,82
"AAV%","XGBoost","aavP2.rds","dOCorsiF_2_sh_p60_avg",0.00054132199638828,0.000541321996388281,83
"AAV%","XGBoost","aavP2.rds","dOCorsiF_2_pp_p60_avg",0.000539860719985386,0.000539860719985386,84
"AAV%","XGBoost","aavP2.rds","dOFenwickF_2_pp_p60_avg",0.00053890715818338,0.00053890715818338,85
"AAV%","XGBoost","aavP2.rds","oFenwickA_2_pp_p60_avg",0.000520590053688307,0.000520590053688307,86
"AAV%","XGBoost","aavP2.rds","dOFenwickA_2_ev_p60_avg",0.000512373173027121,0.000512373173027121,87
"AAV%","XGBoost","aavP2.rds","assists_2_sh_p60_avg",0.000504935591932862,0.000504935591932862,88
"AAV%","XGBoost","aavP2.rds","dOCorsiA_2_sh_p60_avg",0.000504308018216413,0.000504308018216413,89
"AAV%","XGBoost","aavP2.rds","dOCorsiA_2_ev_p60_avg",0.000501761837387873,0.000501761837387873,90
"AAV%","XGBoost","aavP2.rds","oGA_2_sh_p60_avg",0.000501307616795447,0.000501307616795448,91
"AAV%","XGBoost","aavP2.rds","dOGA_2_ev_p60_avg",0.000500637649795011,0.000500637649795011,92
"AAV%","XGBoost","aavP2.rds","dOFenwickA_2_sh_p60_avg",0.000492142150519089,0.000492142150519089,93
"AAV%","XGBoost","aavP2.rds","dOFenwickA_2_pp_p60_avg",0.000490373020403811,0.000490373020403811,94
"AAV%","XGBoost","aavP2.rds","dY_2_pp_p60_avg",0.000488810114954428,0.000488810114954428,95
"AAV%","XGBoost","aavP2.rds","dOCorsiA_2_pp_p60_avg",0.000487554154106374,0.000487554154106375,96
"AAV%","XGBoost","aavP2.rds","iFenwickF_2_ev_p60_avg",0.00047702014075485,0.00047702014075485,97
"AAV%","XGBoost","aavP2.rds","dIxGF_2_ev_p60_avg",0.000476375581016035,0.000476375581016036,98
"AAV%","XGBoost","aavP2.rds","dOxGA_2_pp_p60_avg",0.000474526544823716,0.000474526544823716,99
"AAV%","XGBoost","aavP2.rds","dHits_2_sh_p60_avg",0.000466371053082796,0.000466371053082796,100
"AAV%","XGBoost","aavP2.rds","oSOGA_2_pp_p60_avg",0.000465409692064887,0.000465409692064887,101
"AAV%","XGBoost","aavP2.rds","oSOGA_2_sh_p60_avg",0.00046332328219101,0.00046332328219101,102
"AAV%","XGBoost","aavP2.rds","dICorsiF_2_sh_p60_avg",0.000459685450375828,0.000459685450375829,103
"AAV%","XGBoost","aavP2.rds","y_2_ev_p60_avg",0.000458452025912377,0.000458452025912377,104
"AAV%","XGBoost","aavP2.rds","dISOGF_2_pp_p60_avg",0.000452045711691451,0.000452045711691451,105
"AAV%","XGBoost","aavP2.rds","oCorsiF_2_sh_p60_avg",0.000448643818119317,0.000448643818119317,106
"AAV%","XGBoost","aavP2.rds","dX_2_ev_p60_avg",0.000447187278663505,0.000447187278663505,107
"AAV%","XGBoost","aavP2.rds","dIFenwickF_2_pp_p60_avg",0.00044121106966804,0.000441211069668041,108
"AAV%","XGBoost","aavP2.rds","dOSOGF_2_ev_p60_avg",0.000436030811326216,0.000436030811326216,109
"AAV%","XGBoost","aavP2.rds","dY_2_ev_p60_avg",0.00042944588070673,0.00042944588070673,110
"AAV%","XGBoost","aavP2.rds","dOxGA_2_sh_p60_avg",0.000422674869408434,0.000422674869408434,111
"AAV%","XGBoost","aavP2.rds","dOxGF_2_pp_p60_avg",0.000421353739652039,0.000421353739652039,112
"AAV%","XGBoost","aavP2.rds","ixGF_2_ev_p60_avg",0.000420942247279253,0.000420942247279253,113
"AAV%","XGBoost","aavP2.rds","ixGF_2_pp_p60_avg",0.000415622847097886,0.000415622847097886,114
"AAV%","XGBoost","aavP2.rds","dAssists_2_ev_p60_avg",0.000400201333088593,0.000400201333088593,115
"AAV%","XGBoost","aavP2.rds","oFenwickF_2_sh_p60_avg",0.000399832975643024,0.000399832975643024,116
"AAV%","XGBoost","aavP2.rds","dIGF_2_sh_p60_avg",0.000395394719390848,0.000395394719390848,117
"AAV%","XGBoost","aavP2.rds","oxGF_2_pp_p60_avg",0.000393923131754659,0.000393923131754659,118
"AAV%","XGBoost","aavP2.rds","dICorsiF_2_pp_p60_avg",0.000391892345123034,0.000391892345123034,119
"AAV%","XGBoost","aavP2.rds","oFenwickF_2_ev_p60_avg",0.000376644734489194,0.000376644734489194,120
"AAV%","XGBoost","aavP2.rds","oCorsiF_2_ev_p60_avg",0.000363125343973106,0.000363125343973106,121
"AAV%","XGBoost","aavP2.rds","oCorsiF_2_pp_p60_avg",0.000362740526832625,0.000362740526832625,122
"AAV%","XGBoost","aavP2.rds","iCorsiF_2_ev_p60_avg",0.000355287658318238,0.000355287658318238,123
"AAV%","XGBoost","aavP2.rds","dICorsiF_2_ev_p60_avg",0.000353221153191696,0.000353221153191696,124
"AAV%","XGBoost","aavP2.rds","dIFenwickF_2_ev_p60_avg",0.000352982176603803,0.000352982176603803,125
"AAV%","XGBoost","aavP2.rds","dOCorsiF_2_ev_p60_avg",0.000341779201058799,0.000341779201058799,126
"AAV%","XGBoost","aavP2.rds","iGF_2_sh_p60_avg",0.000329423472694589,0.000329423472694589,127
"AAV%","XGBoost","aavP2.rds","dOxGA_2_ev_p60_avg",0.000324386327572183,0.000324386327572183,128
"AAV%","XGBoost","aavP2.rds","iSOGF_2_ev_p60_avg",0.000312406708021496,0.000312406708021496,129
"AAV%","XGBoost","aavP2.rds","oFenwickF_2_pp_p60_avg",0.000310612003176769,0.000310612003176769,130
"AAV%","XGBoost","aavP2.rds","iCorsiF_2_sh_p60_avg",0.000304968768067609,0.000304968768067609,131
"AAV%","XGBoost","aavP2.rds","dX_2_pp_p60_avg",0.00029733764201429,0.00029733764201429,132
"AAV%","XGBoost","aavP2.rds","oxGA_2_ev_p60_avg",0.000276378038766675,0.000276378038766675,133
"AAV%","XGBoost","aavP2.rds","oxGA_2_sh_p60_avg",0.000275646132594544,0.000275646132594544,134
"AAV%","XGBoost","aavP2.rds","dOxGF_2_ev_p60_avg",0.000274577185460331,0.000274577185460331,135
"AAV%","XGBoost","aavP2.rds","dOSOGA_2_sh_p60_avg",0.000255369247826126,0.000255369247826127,136
"AAV%","XGBoost","aavP2.rds","dISOGF_2_ev_p60_avg",0.000240228338121509,0.000240228338121509,137
"AAV%","XGBoost","aavP2.rds","oCorsiA_2_pp_p60_avg",0.00023659088908993,0.00023659088908993,138
"AAV%","XGBoost","aavP2.rds","dOFenwickF_2_ev_p60_avg",0.000220782859337921,0.000220782859337921,139
"AAV%","XGBoost","aavP2.rds","dGiveaways_2_sh_p60_avg",0.000199835325735775,0.000199835325735775,140
"AAV%","XGBoost","aavP2.rds","dOSOGA_2_pp_p60_avg",0.00019440539678916,0.00019440539678916,141
"AAV%","XGBoost","aavP2.rds","positionCode_L",0.000186995914403728,0.000186995914403728,142
"AAV%","XGBoost","aavP2.rds","oSOGF_2_sh_p60_avg",0.000172835301543361,0.000172835301543361,143
"AAV%","XGBoost","aavP2.rds","dOxGF_2_sh_p60_avg",0.000158493990898595,0.000158493990898595,144
"AAV%","XGBoost","aavP2.rds","dOSOGA_2_ev_p60_avg",6.17171033759358e-05,6.17171033759358e-05,145
"AAV%","XGBoost","aavP2.rds","positionCode_D",1.99107821575074e-05,1.99107821575074e-05,146
