playerId,startSeason,age,term,AAV
8469145,20232024,21,3,851667
8470613,20032004,17,2,1050000
8470613,20062007,20,2,825000
8470613,20082009,22,4,3550000
8470613,20122013,26,5,5760000
8470613,20162017,30,8,8000000
8470613,20252026,40,1,1000000
8470613,20262027,41,2.516328811645508,2940890
8470621,20052006,19,3,614333
8470621,20082009,22,5,5325000
8470621,20132014,27,8,8625000
8470621,20192020,33,1,3250000
8470621,20212022,35,2,1000000
8470621,20232024,38,1,4000000
8470621,20232024,38,1,775000
8470621,20242025,39,1,1150000
8470621,20252026,40,1,2000000
8470621,20262027,41,1.4438846111297607,2068351.25
8470642,20052006,19,3,610333
8470642,20082009,22,3,4500000
8470642,20112012,25,1,7500000
8470642,20122013,26,14,7857143
8470642,20262027,40,1.2564597129821777,4870037
8471214,20052006,19,3,3834200
8471214,20082009,22,13,9538462
8471214,20212022,35,5,9500000
8471214,20262027,40,2.9775590896606445,7688593.5
8471215,20062007,19,3,3834200
8471215,20092010,22,5,8700000
8471215,20142015,27,8,9500000
8471215,20222023,35,4,6100000
8471215,20262027,39,2.2869443893432617,5722073.5
8471679,20072008,19,3,2200000
8471679,20102011,22,2,2750000
8471679,20122013,24,6,6500000
8471679,20182019,30,8,10500000
8471685,20052006,17,3,984200
8471685,20092010,21,7,6800000
8471685,20162017,28,8,10000000
8471685,20242025,35,2,7000000
8471685,20262027,37,1.6601425409317017,6972503
8471709,20062007,18,3,1100000
8471709,20092010,21,4,3100000
8471709,20132014,25,5,4250000
8471709,20182019,30,8,7000000
8471709,20262027,38,0.9107077121734619,1308323.5
8471734,20072008,20,3,770000
8471734,20102011,23,3,1800000
8471734,20132014,26,10,5800000
8471734,20232024,37,1,825000
8471734,20242025,38,1,1300000
8471734,20252026,39,1,1550000
8471817,20072008,19,3,583333
8471817,20122013,24,2,600000
8471817,20142015,26,4,1125000
8471817,20182019,30,2,2775000
8471817,20202021,32,2,1750000
8471817,20222023,34,1,1750000
8471817,20232024,36,3,1350000
8471817,20262027,39,1.474882960319519,1090075
8473422,20072008,19,3,850000
8473422,20102011,22,2,1200000
8473422,20122013,24,3,3083333
8473422,20152016,27,6,5500000
8473422,20212022,33,2,3800000
8473422,20232024,35,1,4000000
8473422,20242025,36,2,4500000
8473422,20262027,38,1.394362211227417,1957105.875
8473507,20102011,22,2,1000000
8473507,20122013,24,2,1750000
8473507,20142015,26,1,3075000
8473507,20152016,27,6,5500000
8473507,20212022,33,4,6250000
8473507,20252026,37,1,775000
8473507,20262027,38,1.283728837966919,822612.75
8473512,20072008,18,3,850000
8473512,20112012,22,3,3750000
8473512,20142015,25,8,8275000
8473512,20222023,33,3,6500000
8473512,20252026,37,1,2000000
8473512,20262027,38,1.6898384094238281,2655806.75
8473604,20072008,18,3,2800000
8473604,20102011,21,5,6300000
8473604,20152016,26,8,10500000
8473604,20252026,37,1,2000000
8473604,20262027,38,1.3108420372009277,1838920.625
8473994,20082009,18,3,850000
8473994,20122013,22,5,5250000
8473994,20162017,26,8,9500000
8473994,20252026,35,1,1000000
8473994,20262027,36,1.5184096097946167,2872564.5
8474013,20102011,20,3,1300000
8474013,20132014,23,2,825000
8474013,20152016,25,3,2100000
8474013,20182019,28,3,4250000
8474013,20212022,31,1,2900000
8474013,20222023,32,1,3000000
8474013,20232024,34,1,3000000
8474013,20242025,35,1,3100000
8474013,20252026,36,1,3000000
8474013,20262027,37,1.681586503982544,3071521.75
8474037,20092010,19,3,1654167
8474037,20122013,22,6,4250000
8474037,20182019,28,5,7000000
8474037,20232024,34,1,1000000
8474037,20242025,35,1,900000
8474037,20252026,36,1,1000000
8474037,20262027,37,1.2444289922714233,2074272.75
8474090,20102011,20,3,875000
8474090,20132014,23,2,1262500
8474090,20152016,25,2,2750000
8474090,20172018,27,4,4350000
8474090,20212022,31,1,800000
8474090,20222023,32,2,1100000
8474090,20242025,35,1,1000000
8474090,20252026,36,1,800000
8474090,20262027,37,1.1759428977966309,704368.9375
8474102,20072008,18,3,918333
8474102,20102011,21,2,2150000
8474102,20122013,23,4,3812500
8474102,20162017,27,2,3750000
8474102,20182019,29,4,4000000
8474102,20222023,33,2,4750000
8474102,20242025,36,2,4000000
8474102,20262027,38,1.1563094854354858,2080507.125
8474141,20072008,18,3,3725000
8474141,20102011,21,5,6300000
8474141,20152016,26,8,10500000
8474141,20232024,35,1,2750000
8474141,20242025,35,1,4000000
8474141,20252026,36,1,3000000
8474141,20262027,37,1.2749027013778687,3636782.75
8474149,20172018,27,3,4000000
8474149,20202021,30,3,5000000
8474149,20252026,36,1,1000000
8474149,20262027,37,1.1082491874694824,936350.3125
8474189,20082009,18,3,1300000
8474189,20122013,22,2,1325000
8474189,20142015,24,4,3500000
8474189,20182019,28,5,3500000
8474189,20232024,34,2,2450000
8474189,20252026,36,1,1250000
8474189,20262027,37,1.2692339420318604,1184947.625
8474567,20082009,17,3,3375000
8474567,20112012,20,2,2500000
8474567,20132014,22,7,5142857
8474567,20192020,28,1,1300000
8474567,20202021,29,1,1000000
8474567,20212022,30,3,850000
8474567,20242025,33,2,1250000
8474567,20262027,35,1.6475770473480225,1808244.75
8474568,20082009,18,3,2975000
8474568,20112012,21,5,3600000
8474568,20162017,26,2,1250000
8474568,20182019,28,1,800000
8474568,20202021,30,1,800000
8474568,20212022,31,2,850000
8474568,20232024,33,3,2750000
8474568,20262027,36,1.877913475036621,2540298
8474586,20102011,19,3,1187500
8474586,20132014,22,6,6000000
8474586,20192020,28,5,5500000
8474586,20242025,33,2,4750000
8474586,20262027,35,2.4407951831817627,5255920.5
8474590,20082009,17,3,875000
8474590,20122013,21,6,3966667
8474590,20182019,27,8,8000000
8474590,20262027,35,3.948317766189575,6468242.5
8474612,20102011,19,3,875000
8474612,20132014,22,7,3857143
8474612,20202021,29,1,1250000
8474612,20212022,30,2,3000000
8474612,20232024,32,2,1100000
8474612,20252026,35,1,1000000
8474612,20262027,36,1.3340328931808472,855126.0625
8474641,20092010,18,3,883333
8474641,20132014,22,6,4000000
8474641,20192020,28,5,5825000
8474641,20242025,34,2,3000000
8474641,20262027,36,1.5676885843276978,2572485.75
8474673,20092010,18,3,766667
8474673,20132014,22,2,2125000
8474673,20152016,24,5,4650000
8474673,20202021,29,4,5000000
8474673,20242025,34,2,3750000
8474673,20262027,36,1.435518741607666,1762512.625
8474679,20112012,21,2,875000
8474679,20132014,23,2,950000
8474679,20152016,25,4,4750000
8474679,20192020,29,4,5500000
8474679,20232024,33,2,3185000
8474679,20252026,35,1,3250000
8474679,20262027,36,1.3594517707824707,2372049.75
8475149,20102011,19,3,900000
8475149,20132014,22,2,2000000
8475149,20152016,24,1,3750000
8475149,20162017,25,3,4583333
8475149,20192020,28,2,4500000
8475149,20212022,30,1,1500000
8475149,20222023,31,1,1100000
8475149,20232024,32,2,2000000
8475149,20252026,34,1,800000
8475149,20262027,35,1.4100444316864014,2051200.125
8475169,20092010,17,3,3100000
8475169,20122013,20,6,5250000
8475169,20182019,26,7,7000000
8475169,20212022,29,1,1375000
8475169,20222023,30,4,5125000
8475169,20262027,34,2.3858749866485596,4599718
8475181,20102011,18,3,1116667
8475181,20132014,21,2,2700000
8475181,20152016,23,7,5500000
8475181,20222023,30,4,4000000
8475181,20262027,34,2.015950918197632,2849317.75
8475191,20112012,19,3,900000
8475191,20142015,22,1,1400000
8475191,20152016,23,2,3425000
8475191,20162017,24,5,5000000
8475191,20222023,30,3,5000000
8475191,20252026,34,1,2000000
8475191,20262027,35,1.5662933588027954,2378003.25
8475235,20112012,19,3,716667
8475235,20142015,22,2,637500
8475235,20162017,24,2,775000
8475235,20182019,26,2,950000
8475235,20202021,28,2,1000000
8475235,20222023,30,4,1750000
8475235,20262027,34,1.8343274593353271,1375313.375
8475246,20102011,19,3,900000
8475246,20132014,22,3,683333
8475246,20162017,25,2,1000000
8475246,20182019,27,2,1375000
8475246,20212022,30,1,825000
8475246,20222023,31,2,762500
8475246,20242025,34,2,775000
8475246,20262027,36,1.1070376634597778,1220758.375
8475279,20112012,19,3,618333
8475279,20152016,23,2,850000
8475279,20172018,25,2,1400000
8475279,20192020,27,3,3500000
8475279,20222023,30,4,4750000
8475279,20262027,34,3.5515642166137695,4479979.5
8475287,20132014,21,2,1750000
8475287,20152016,23,2,1000000
8475287,20172018,25,3,2750000
8475287,20202021,28,1,1750000
8475287,20212022,29,2,2375000
8475287,20232024,32,3,3150000
8475287,20262027,35,2.0845656394958496,2999842.25
8475314,20122013,21,2,1750000
8475314,20142015,23,1,850500
8475314,20152016,24,4,3750000
8475314,20192020,28,7,7000000
8475314,20262027,35,2.1364519596099854,4162196.25
8475324,20132014,22,2,765000
8475324,20152016,24,2,882000
8475324,20162017,25,2,812500
8475324,20192020,28,4,2500000
8475324,20232024,32,3,4050000
8475324,20262027,35,1.9720491170883179,3053710.25
8475461,20132014,19,2,590000
8475461,20172018,23,2,650000
8475461,20192020,25,2,700000
8475461,20222023,28,2,775000
8475461,20242025,31,2,775000
8475461,20262027,33,1.498910665512085,1252702
8475462,20102011,19,3,750000
8475462,20132014,22,3,991667
8475462,20162017,25,4,3350000
8475462,20202021,29,3,2500000
8475462,20232024,33,3,4000000
8475462,20262027,36,1.796711802482605,2933171
8475660,20102011,22,2,900000
8475660,20132014,25,2,562500
8475660,20152016,27,1,1450000
8475660,20162017,28,3,4166667
8475660,20192020,31,1,2750000
8475660,20202021,32,3,3666667
8475660,20232024,35,1,2000000
8475660,20242025,36,2,2500000
8475683,20102011,21,3,1750000
8475683,20132014,24,2,5625000
8475683,20152016,26,4,7425000
8475683,20192020,30,7,10000000
8475714,20122013,20,3,900000
8475714,20162017,24,6,2000000
8475714,20222023,30,4,2100000
8475714,20262027,34,1.6945091485977173,1485109.625
8475717,20112012,18,3,900000
8475717,20152016,22,1,850500
8475717,20162017,23,2,1000000
8475717,20182019,25,1,800000
8475717,20192020,26,2,750000
8475717,20212022,28,1,800000
8475717,20222023,29,2,762500
8475717,20242025,32,2,1000000
8475718,20182019,25,2,675000
8475718,20202021,27,3,2000000
8475718,20232024,31,3,3400000
8475718,20262027,34,1.755146861076355,2457039.5
8475745,20122013,19,3,975000
8475745,20152016,22,5,3200000
8475745,20202021,27,6,5250000
8475745,20262027,33,3.4127087593078613,5294317.5
8475755,20112012,18,3,825000
8475755,20152016,22,2,1050000
8475755,20172018,24,1,1850000
8475755,20182019,25,1,1950000
8475755,20232024,31,1,775000
8475755,20242025,32,2,775000
8475755,20262027,34,1.71534264087677,1034745.1875
8475762,20132014,20,3,863333
8475762,20162017,23,2,650000
8475762,20182019,25,2,2525000
8475762,20202021,27,1,1000000
8475762,20212022,28,3,3000000
8475762,20242025,32,1,1500000
8475762,20252026,33,1,2000000
8475762,20262027,34,1.4869493246078491,1305759.75
8475763,20142015,21,2,3750000
8475763,20162017,23,2,2600000
8475763,20182019,25,1,5175000
8475763,20192020,26,7,7142857
8475763,20262027,33,1.4300792217254639,2120235.5
8475765,20122013,20,3,1750000
8475765,20152016,23,8,7500000
8475765,20232024,31,1,5000000
8475765,20242025,32,2,4750000
8475765,20262027,34,1.871612310409546,3886554.5
8475766,20112012,18,3,900000
8475766,20152016,22,2,575000
8475766,20172018,24,3,1100000
8475766,20202021,27,3,1500000
8475766,20232024,31,1,776665
8475766,20242025,32,1,775000
8475766,20252026,33,1,775000
8475766,20262027,34,1.4302341938018799,743533.4375
8475768,20112012,18,3,1166667
8475768,20142015,21,2,2350000
8475768,20162017,23,5,5350000
8475768,20212022,28,5,5500000
8475768,20262027,33,3.043429374694824,5688721
8475784,20102011,17,3,1400000
8475784,20132014,20,6,5725000
8475784,20192020,26,8,9000000
8475784,20242025,32,1,3000000
8475784,20252026,33,1,3000000
8475784,20262027,34,1.4503103494644165,2290733
8475790,20112012,18,3,3200000
8475790,20142015,21,2,2500000
8475790,20162017,23,1,3500000
8475790,20172018,24,1,3500000
8475790,20182019,25,3,4000000
8475790,20212022,28,1,1950000
8475790,20222023,29,4,4000000
8475790,20262027,33,2.217425584793091,2844402
8475852,20112012,18,3,816667
8475852,20162017,23,2,4000000
8475852,20182019,25,1,1500000
8475852,20192020,26,2,3125000
8475852,20212022,28,3,3800000
8475852,20242025,31,2,4250000
8475857,20152016,22,2,667500
8475857,20222023,29,2,762500
8475857,20242025,31,2,775000
8475857,20262027,33,1.9227296113967896,1568471.625
8475883,20122013,22,2,1775000
8475883,20142015,24,2,1150000
8475883,20162017,26,5,5000000
8475883,20212022,31,2,4500000
8475883,20232024,33,2,3400000
8475883,20252026,35,1,2750000
8475906,20122013,19,3,900000
8475906,20152016,22,7,4250000
8475906,20222023,29,1,7000000
8475906,20232024,30,1,4150000
8475906,20242025,32,1,1746667
8475906,20252026,32,1,4000000
8475906,20262027,33,1.4498294591903687,2744120.25
8475968,20232024,31,2,775000
8475968,20252026,33,1,775000
8475968,20262027,34,1.257777214050293,1293653.625
8476316,20132014,19,3,659167
8476316,20152016,21,2,750000
8476316,20192020,25,1,1225000
8476316,20202021,26,1,1500000
8476316,20212022,27,2,2325000
8476316,20232024,30,1,1750000
8476316,20242025,31,2,3300000
8476323,20142015,21,2,800000
8476323,20172018,24,2,650000
8476323,20222023,29,2,762500
8476323,20242025,32,2,775000
8476323,20262027,34,1.3857066631317139,1221304.375
8476329,20152016,21,2,705000
8476329,20182019,24,2,800000
8476329,20222023,28,2,1750000
8476329,20242025,30,1,775000
8476329,20252026,31,1,775000
8476329,20262027,32,1.4504845142364502,806345.3125
8476391,20142015,21,2,925000
8476391,20172018,24,2,650000
8476391,20202021,27,1,800000
8476391,20222023,29,2,787500
8476391,20242025,32,1,775000
8476391,20252026,33,1,775000
8476391,20262027,34,1.300092339515686,922690.25
8476393,20122013,18,3,955833
8476393,20162017,22,1,840000
8476393,20172018,23,2,1000000
8476393,20192020,25,1,1000000
8476393,20202021,26,2,1500000
8476393,20222023,28,2,1100000
8476393,20242025,31,1,800000
8476393,20252026,31,1,825000
8476393,20262027,32,1.553536295890808,1298516.875
8476419,20122013,19,3,613333
8476419,20152016,22,2,900000
8476419,20172018,24,3,3100000
8476419,20202021,27,6,5000000
8476419,20262027,33,2.4794647693634033,3454096.5
8476422,20152016,21,2,2025000
8476422,20172018,23,2,725000
8476422,20192020,25,2,1500000
8476422,20212022,27,3,3000000
8476422,20232024,29,1,1000000
8476422,20242025,30,1,1250000
8476422,20252026,31,1,1100000
8476422,20262027,32,1.47073233127594,1096803.375
8476425,20152016,21,2,680000
8476425,20242025,31,1,775000
8476425,20252026,32,1,775000
8476425,20262027,33,1.622574806213379,1313363.625
8476432,20122013,18,3,925000
8476432,20162017,22,2,2900000
8476432,20182019,24,4,3750000
8476432,20222023,28,4,3750000
8476432,20262027,32,2.8456292152404785,4707233.5
8476438,20112012,18,3,925000
8476438,20152016,22,6,6000000
8476438,20212022,28,5,4500000
8476438,20242025,32,1,1500000
8476438,20252026,32,1,2000000
8476438,20262027,33,2.148624897003174,2320064.25
8476467,20112012,18,3,1603333
8476467,20152016,22,1,875000
8476467,20162017,23,1,918750
8476467,20182019,25,3,2137500
8476467,20212022,28,5,4600000
8476467,20262027,33,2.9234883785247803,4454586
8476473,20112012,17,3,1137500
8476473,20162017,22,6,3850000
8476473,20222023,28,4,4400000
8476473,20262027,32,2.913407802581787,3576396.25
8476525,20132014,20,3,602500
8476525,20162017,23,2,1000000
8476525,20182019,25,4,3875000
8476525,20222023,29,2,1850000
8476525,20242025,31,2,1500000
8476525,20262027,33,1.6184263229370117,1288790
8476856,20122013,17,3,1633333
8476856,20162017,21,2,2550000
8476856,20182019,23,5,6000000
8476856,20232024,29,1,3900000
8476856,20242025,29,2,3750000
8476856,20262027,31,1.696533203125,2212567.5
8476858,20142015,20,3,925000
8476858,20232024,29,2,775000
8476858,20252026,31,1,775000
8476858,20262027,32,1.4321856498718262,899163.4375
8476867,20122013,17,3,1087500
8476867,20172018,22,2,750000
8476867,20222023,27,2,762500
8476867,20242025,30,2,775000
8476867,20262027,32,1.7358920574188232,1076735.375
8476871,20122013,19,3,925000
8476871,20152016,22,2,1400000
8476871,20172018,24,4,3750000
8476871,20212022,28,3,3250000
8476871,20242025,32,1,775000
8476871,20252026,32,1,1000000
8476871,20262027,33,1.6994404792785645,1428639.75
8476872,20122013,17,3,1137500
8476872,20172018,22,2,962500
8476872,20192020,24,2,2300000
8476872,20212022,26,5,3000000
8476872,20262027,31,2.644636392593384,2844901.5
8476873,20162017,21,2,925000
8476873,20182019,23,2,1675000
8476873,20232024,28,1,775000
8476873,20242025,29,2,800000
8476873,20262027,31,1.7793630361557007,1225378
8476885,20122013,17,3,1858333
8476885,20162017,21,2,3000000
8476885,20182019,23,1,5500000
8476885,20192020,24,7,8000000
8476885,20262027,31,3.97133207321167,6167664
8476891,20162017,21,2,858750
8476891,20182019,23,2,1400000
8476891,20202021,25,4,3687500
8476891,20242025,30,1,2750000
8476891,20252026,31,1,1000000
8476891,20262027,32,1.9733484983444214,2122115.5
8476897,20142015,19,3,925000
8476897,20192020,24,4,2750000
8476897,20232024,29,1,775000
8476897,20242025,29,2,1500000
8476897,20262027,31,1.849983811378479,1927849.125
8476925,20122013,18,3,656667
8476925,20152016,21,3,625000
8476925,20192020,25,7,2857143
8476925,20262027,32,2.16534686088562,2173119.25
8476927,20162017,21,2,705000
8476927,20192020,24,2,750000
8476927,20212022,26,2,2200000
8476927,20232024,28,1,1900000
8476927,20242025,29,2,1800000
8476927,20262027,31,2.0711071491241455,1508241.625
8476967,20142015,19,3,816667
8476967,20182019,23,1,900000
8476967,20192020,24,3,1850000
8476967,20222023,27,4,2750000
8476967,20262027,31,3.272183656692505,3914103.25
8476988,20162017,21,2,925000
8476988,20182019,23,2,1900000
8476988,20202021,25,2,1000000
8476988,20222023,27,4,1250000
8476988,20262027,31,1.627846121788025,1319683.75
8476994,20152016,20,3,717500
8476994,20182019,23,2,1500000
8476994,20202021,25,1,1000000
8476994,20212022,26,1,1050000
8476994,20222023,27,1,1700000
8476994,20232024,29,1,775000
8476994,20242025,30,2,775000
8476994,20262027,32,1.437670350074768,827058.5625
8477018,20152016,21,2,896250
8477018,20162017,22,2,2800000
8477018,20192020,25,1,1500000
8477018,20202021,26,1,950000
8477018,20222023,28,2,850000
8477018,20242025,30,2,975000
8477018,20262027,32,1.7310707569122314,1180395.75
8477021,20172018,22,2,1137500
8477021,20192020,24,4,3500000
8477021,20232024,28,2,3500000
8477021,20252026,30,1,3000000
8477021,20262027,31,1.6418707370758057,2050026.625
8477149,20132014,20,3,753333
8477149,20232024,30,2,775000
8477149,20252026,32,1,775000
8477149,20262027,33,1.4504423141479492,1105099.25
8477335,20152016,19,3,630000
8477335,20182019,22,2,675000
8477335,20212022,25,2,750000
8477335,20232024,27,3,1100000
8477335,20262027,30,1.60037100315094,1085861.625
8477361,20172018,22,2,925000
8477361,20192020,24,3,858333
8477361,20222023,27,3,5000000
8477361,20252026,30,1,775000
8477365,20182019,22,2,735000
8477365,20202021,24,3,1000000
8477365,20232024,28,3,3333333
8477365,20262027,31,2.089292049407959,2065805
8477369,20172018,22,2,925000
8477369,20202021,25,3,2750000
8477369,20232024,28,3,3250000
8477369,20262027,31,2.6204676628112793,3452557.75
8477380,20152016,21,2,808750
8477380,20172018,23,2,650000
8477380,20222023,28,2,762500
8477380,20242025,30,2,787500
8477380,20262027,32,1.5634393692016602,1254231.625
8477392,20152016,19,3,1350000
8477392,20182019,22,1,874125
8477392,20192020,23,2,737500
8477392,20232024,27,1,775000
8477392,20252026,30,1,775000
8477392,20262027,31,1.651897668838501,1258764.125
8477405,20172018,22,2,850000
8477405,20192020,24,2,700000
8477405,20242025,29,2,775000
8477416,20132014,17,3,925000
8477416,20182019,22,3,2500000
8477416,20212022,25,5,5400000
8477416,20262027,30,2.6396381855010986,4498866
8477446,20132014,17,3,1137500
8477446,20182019,22,1,874125
8477446,20212022,25,2,750000
8477446,20232024,28,1,775000
8477446,20242025,28,2,900000
8477446,20262027,30,2.6029841899871826,2133124.5
8477450,20142015,19,3,925000
8477450,20182019,23,1,875000
8477450,20192020,24,2,1500000
8477450,20212022,26,3,2650000
8477450,20242025,29,2,4250000
8477450,20262027,31,2.100947618484497,2895498.75
8477454,20142015,18,3,925000
8477454,20182019,22,1,800000
8477454,20192020,23,1,1050000
8477454,20202021,24,1,997500
8477454,20212022,25,2,2100000
8477454,20232024,28,1,775000
8477454,20252026,30,1,775000
8477454,20262027,31,1.5603376626968384,1022021.375
8477508,20132014,17,3,1285000
8477508,20172018,21,2,950000
8477508,20202021,24,2,800000
8477508,20222023,26,3,1000000
8477508,20252026,30,1,775000
8477508,20262027,31,1.561184287071228,1032111.25
8477511,20132014,18,3,925000
8477511,20182019,23,2,3300000
8477511,20202021,25,4,5700000
8477511,20242025,29,1,3500000
8477511,20252026,30,1,2500000
8477511,20262027,31,1.8084690570831299,2741984.5
8477527,20152016,20,3,666667
8477527,20182019,23,4,1000000
8477527,20222023,27,4,1100000
8477527,20262027,31,2.286541223526001,1514277.25
8477816,20102011,22,2,1750000
8477816,20132014,20,2,925000
8477816,20132014,25,1,1150000
8477816,20142015,26,1,3500000
8477816,20152016,27,4,4500000
8477816,20192020,31,5,6000000
8477816,20242025,36,2,4125000
8477816,20262027,38,1.2020609378814697,2725353.25
8477831,20142015,21,2,925000
8477831,20172018,24,2,650000
8477831,20192020,26,3,1100000
8477831,20222023,29,1,825000
8477831,20232024,31,1,1500000
8477831,20242025,32,1,825000
8477831,20252026,33,1,775000
8477839,20152016,22,2,667500
8477839,20172018,24,3,3000000
8477839,20212022,28,2,1500000
8477839,20232024,31,3,2000000
8477839,20252026,33,1,775000
8477839,20262027,34,1.401946783065796,937166.9375
8477845,20142015,22,2,925000
8477845,20152016,23,2,825000
8477845,20182019,26,2,2300000
8477845,20202021,28,1,800000
8477845,20212022,29,2,950000
8477845,20232024,31,3,3000000
8477845,20262027,34,2.185560941696167,2887041.25
8477851,20142015,21,3,616667
8477851,20172018,24,2,650000
8477851,20192020,26,2,1400000
8477851,20212022,28,2,1350000
8477851,20232024,31,1,925000
8477851,20242025,32,2,775000
8477851,20262027,34,1.5176258087158203,970060
8477887,20142015,21,2,657500
8477887,20192020,26,2,700000
8477887,20212022,28,2,750000
8477887,20232024,31,2,800000
8477887,20252026,32,1,775000
8477887,20262027,33,1.553268551826477,1081374.125
8477931,20142015,21,2,925000
8477931,20162017,23,2,612500
8477931,20182019,25,1,962500
8477931,20192020,26,1,1000000
8477931,20202021,27,1,1250000
8477931,20212022,28,2,1750000
8477931,20232024,30,1,1000000
8477931,20242025,31,1,775000
8477931,20252026,32,1,775000
8477931,20262027,33,1.542107105255127,1242033.375
8477947,20142015,17,3,1325000
8477947,20192020,22,1,874125
8477947,20202021,23,2,1700000
8477947,20232024,26,3,1900000
8477947,20262027,29,1.4676792621612549,1014688.125
8477949,20162017,19,3,1350000
8477949,20192020,22,7,4750000
8477949,20262027,29,6.0239644050598145,7764419.5
8477950,20142015,18,3,1325000
8477950,20192020,23,1,925000
8477950,20202021,24,2,4800000
8477950,20212022,25,1,1000000
8477950,20222023,26,2,5000000
8477950,20232024,27,1,1675000
8477950,20242025,29,1,775000
8477950,20252026,29,1,1750000
8477950,20262027,30,2.063994884490967,3281097
8477951,20162017,19,3,1541667
8477951,20192020,22,7,5850000
8477951,20262027,29,5.971131324768066,8574651
8477952,20142015,17,3,1137500
8477952,20182019,21,1,925000
8477952,20192020,22,1,900000
8477952,20202021,23,2,2950000
8477952,20222023,25,3,4000000
8477952,20252026,29,1,775000
8477952,20262027,30,1.3783358335494995,977349.625
8477953,20142015,17,3,925000
8477953,20192020,22,3,3200000
8477953,20222023,25,2,3200000
8477953,20242025,27,1,1000000
8477953,20252026,28,1,1300000
8477953,20262027,29,1.564025640487671,1336276.75
8477968,20152016,18,3,842500
8477968,20192020,22,2,737500
8477968,20212022,24,2,3000000
8477968,20232024,27,1,1500000
8477968,20242025,28,2,2500000
8477970,20142015,17,3,925000
8477970,20192020,22,3,716667
8477970,20222023,25,3,3400000
8477970,20252026,29,1,1500000
8477971,20162017,19,3,925000
8477971,20232024,27,2,1000000
8477971,20252026,29,1,775000
8477971,20262027,30,1.4662528038024902,881083.625
8477979,20142015,17,3,925000
8477979,20202021,23,2,1075000
8477979,20222023,25,1,1000000
8477979,20232024,26,1,1225000
8477979,20242025,28,1,1500000
8477979,20252026,29,1,775000
8477979,20262027,30,1.570581316947937,1198639.625
8477990,20152016,18,3,803333
8477990,20242025,28,2,775000
8477993,20162017,19,3,925000
8477993,20232024,26,1,775000
8477993,20242025,27,1,775000
8477993,20252026,28,1,900000
8477993,20262027,29,1.5772967338562012,917115.375
8477996,20162017,19,3,925000
8477996,20252026,29,1,800000
8477996,20262027,30,1.512869954109192,833247.375
8478039,20182019,21,2,925000
8478039,20202021,23,2,725000
8478039,20222023,25,2,2750000
8478039,20242025,27,1,1000000
8478039,20252026,28,1,1150000
8478042,20142015,20,3,631667
8478042,20172018,23,7,4250000
8478042,20242025,31,2,4000000
8478042,20262027,33,1.940070629119873,3514889.25
8478043,20182019,22,2,925000
8478043,20202021,24,2,750000
8478043,20222023,26,2,1150000
8478043,20242025,29,2,2000000
8478043,20262027,31,1.7372798919677734,1417871.875
8478046,20162017,20,3,995833
8478046,20192020,23,2,2800000
8478046,20212022,25,1,1100000
8478046,20222023,26,1,1000000
8478046,20232024,28,1,775000
8478046,20242025,28,2,2250000
8478046,20262027,30,1.7481838464736938,1723606
8478047,20152016,19,3,692500
8478047,20192020,23,2,737500
8478047,20212022,25,2,950000
8478047,20232024,27,3,4500000
8478047,20262027,30,2.698772430419922,4207960.5
8478056,20162017,19,3,713333
8478056,20212022,24,1,800000
8478056,20232024,27,2,775000
8478056,20252026,29,1,775000
8478056,20262027,30,1.5224792957305908,897689.875
8478062,20152016,18,3,800000
8478062,20222023,25,3,950000
8478062,20252026,28,1,775000
8478062,20262027,29,1.453423023223877,1108973.625
8478104,20152016,18,3,725000
8478104,20192020,22,1,850000
8478104,20202021,23,2,1500000
8478104,20222023,25,1,1525000
8478104,20232024,26,1,1000000
8478104,20252026,29,1,775000
8478104,20262027,30,1.5026127099990845,1099597.375
8478109,20182019,22,2,925000
8478109,20202021,24,2,3050000
8478109,20222023,26,2,4750000
8478109,20242025,28,1,1075000
8478109,20252026,30,1,1575000
8478109,20262027,31,1.5705779790878296,2314045.25
8478146,20172018,20,3,925000
8478146,20202021,23,2,725000
8478146,20232024,27,1,775000
8478146,20242025,28,1,775000
8478146,20252026,29,1,775000
8478146,20262027,30,1.5024303197860718,919657.125
8478147,20172018,20,3,706667
8478147,20232024,26,1,775000
8478147,20242025,27,1,775000
8478147,20252026,28,1,775000
8478147,20262027,29,1.5862669944763184,1280032.75
8478178,20182019,21,2,730000
8478178,20222023,25,2,762500
8478178,20242025,27,2,975000
8478178,20262027,29,3.437408447265625,4721336.5
8478397,20152016,18,3,925000
8478397,20202021,23,6,4550000
8478397,20262027,29,6.807445526123047,8947931
8478400,20162017,18,3,1295000
8478400,20192020,21,6,4750000
8478400,20222023,24,1,1200000
8478400,20232024,26,1,775000
8478400,20242025,27,1,850000
8478400,20252026,28,1,775000
8478400,20262027,29,1.5236817598342896,814699.9375
8478409,20152016,18,3,693333
8478409,20232024,26,1,775000
8478409,20242025,27,2,775000
8478409,20262027,29,1.4105228185653687,1103426.25
8478421,20162017,19,3,750000
8478421,20222023,25,2,762500
8478421,20242025,27,2,850000
8478421,20262027,29,2.383898973464966,1501020.875
8478424,20172018,19,3,925000
8478424,20202021,22,2,725000
8478424,20222023,24,2,850000
8478424,20242025,27,2,787500
8478424,20262027,29,1.6415879726409912,1054454.75
8478446,20172018,19,3,925000
8478446,20222023,24,2,762500
8478446,20242025,27,2,775000
8478446,20262027,29,1.5859613418579102,835769.875
8478451,20162017,18,3,721667
8478451,20202021,22,2,2000000
8478451,20222023,24,1,2200000
8478451,20232024,26,2,2062500
8478451,20252026,28,1,775000
8478451,20262027,29,1.6529799699783325,1205119
8478454,20152016,17,3,1066667
8478454,20232024,26,2,775000
8478454,20252026,28,1,900000
8478454,20262027,29,1.8040528297424316,1171540.625
8478458,20162017,18,3,1137500
8478458,20202021,22,2,1900000
8478458,20222023,24,2,4000000
8478458,20242025,27,1,2800000
8478458,20252026,28,1,1500000
8478458,20262027,29,2.778424024581909,2833147.75
8478465,20152016,17,3,734167
8478465,20232024,25,2,775000
8478465,20252026,27,1,775000
8478465,20262027,28,1.7375751733779907,914920.125
8478468,20152016,17,3,925000
8478468,20202021,22,2,850000
8478468,20222023,24,4,2000000
8478468,20262027,28,3.159846782684326,2667167.5
8478472,20162017,18,3,925000
8478472,20202021,22,2,737500
8478472,20222023,24,4,2950000
8478472,20262027,28,2.2862889766693115,2329236.75
8478476,20162017,18,3,925000
8478476,20202021,22,2,775000
8478476,20222023,24,2,762500
8478476,20242025,26,2,775000
8478476,20262027,28,1.5202441215515137,836963.625
8478477,20162017,18,3,925000
8478477,20202021,22,2,737500
8478477,20232024,26,1,775000
8478477,20242025,27,2,775000
8478477,20262027,29,1.615807294845581,953213.5625
8478502,20182019,21,3,925000
8478502,20222023,25,2,762500
8478502,20242025,27,1,825000
8478502,20252026,28,1,875000
8478502,20262027,29,1.6470011472702026,1308824
8478550,20152016,23,2,3387500
8478550,20162017,24,2,6000000
8478550,20192020,27,7,11642857
8478550,20262027,34,3.379261016845703,8068440
8478569,20152016,23,2,792500
8478569,20172018,25,2,725000
8478569,20192020,27,3,1666667
8478569,20222023,30,1,1250000
8478569,20232024,32,3,2000000
8478569,20262027,35,1.5460602045059204,1648440.875
8478831,20172018,20,3,925000
8478831,20202021,23,1,874125
8478831,20212022,24,1,1050000
8478831,20232024,26,1,1000000
8478831,20242025,27,2,2000000
8478831,20262027,29,2.632323980331421,2373350.75
8478841,20162017,18,3,925000
8478841,20222023,24,2,762500
8478841,20242025,27,2,775000
8478841,20262027,29,1.7064430713653564,1185378.5
8478854,20202021,22,2,1562500
8478854,20232024,26,1,775000
8478854,20242025,27,1,775000
8478854,20252026,28,1,900000
8478854,20262027,29,1.9504389762878418,1324552.625
8478868,20172018,20,3,801667
8478868,20212022,24,1,800000
8478868,20252026,29,1,775000
8478868,20262027,30,1.5059939622879028,1345064.75
8478905,20232024,26,1,1100000
8478905,20242025,27,2,3275000
8478956,20232024,26,1,775000
8478956,20242025,27,1,775000
8478956,20252026,28,1,775000
8478956,20262027,29,1.4842514991760254,1164271.375
8478967,20162017,18,3,660000
8478967,20212022,23,2,750000
8478967,20232024,25,2,775000
8478967,20252026,27,1,775000
8478967,20262027,28,1.3443776369094849,857583.6875
8478971,20172018,19,3,925000
8478971,20202021,22,3,733333
8478971,20232024,26,3,1950000
8478975,20182019,22,2,925000
8478975,20212022,25,1,800000
8478975,20222023,26,4,4500000
8478975,20262027,30,3.635852336883545,6303444
8479022,20192020,22,2,925000
8479022,20242025,28,1,775000
8479022,20252026,29,1,800000
8479022,20262027,30,1.5255697965621948,1021983.3125
8479066,20172018,22,2,925000
8479066,20202021,25,2,725000
8479066,20222023,27,2,800000
8479066,20242025,29,2,2000000
8479066,20262027,31,2.1725871562957764,1445275.25
8479249,20162017,21,2,858750
8479249,20222023,27,2,762500
8479249,20242025,30,2,800000
8479249,20262027,32,1.3062400817871094,855889.6875
8479291,20182019,24,2,700000
8479291,20202021,26,2,750000
8479291,20222023,28,2,1300000
8479291,20242025,30,1,1300000
8479291,20252026,32,1,775000
8479291,20262027,33,1.7055963277816772,1164706.5
8479313,20202021,22,2,725000
8479313,20232024,25,1,775000
8479313,20242025,26,1,775000
8479313,20252026,27,1,775000
8479316,20172018,19,3,1425000
8479316,20202021,22,2,2300000
8479316,20222023,24,2,2750000
8479316,20242025,26,1,2750000
8479316,20252026,27,1,775000
8479316,20262027,28,1.7936360836029053,1339020.5
8479328,20162017,18,3,925000
8479328,20212022,23,1,775000
8479328,20222023,24,1,800000
8479328,20232024,25,2,787500
8479328,20252026,27,1,775000
8479328,20262027,28,1.631701111793518,1038327.1875
8479336,20172018,19,3,925000
8479336,20202021,22,2,725000
8479336,20222023,24,2,1300000
8479336,20242025,26,2,1800000
8479336,20262027,28,1.6840567588806152,1389005.125
8479339,20162017,17,3,2425000
8479339,20192020,20,2,6750000
8479339,20212022,22,1,7500000
8479339,20222023,23,4,8700000
8479339,20262027,27,2.016817808151245,3932335.75
8479341,20172018,18,3,925000
8479341,20232024,24,1,775000
8479341,20242025,26,2,775000
8479341,20262027,28,1.9512594938278198,1003127.4375
8479348,20172018,18,3,925000
8479348,20232024,25,1,775000
8479348,20242025,26,1,775000
8479348,20252026,27,1,775000
8479348,20262027,28,1.5314353704452515,1103002.75
8479359,20172018,18,3,800000
8479359,20222023,23,2,762500
8479359,20242025,26,2,1350000
8479359,20262027,28,2.5983726978302,1896256.375
8479362,20192020,20,3,995833
8479362,20232024,25,1,775000
8479362,20242025,26,1,775000
8479362,20252026,27,1,775000
8479362,20262027,28,1.5197134017944336,1121480.5
8479366,20132014,19,3,633333
8479366,20162017,17,3,1635000
8479366,20232024,25,1,775000
8479366,20242025,27,1,775000
8479366,20252026,27,1,775000
8479366,20262027,28,1.5027275085449219,1314255.25
8479368,20162017,17,3,925000
8479368,20212022,22,3,1295000
8479368,20242025,26,2,1000000
8479368,20262027,28,1.6690952777862549,1242139.625
8479369,20182019,19,3,1491667
8479369,20212022,22,2,787500
8479369,20232024,25,3,2750000
8479369,20262027,28,3.788821220397949,4383403.5
8479370,20162017,17,3,1704167
8479370,20202021,21,1,874125
8479370,20212022,22,2,2000000
8479370,20232024,25,1,2000000
8479370,20242025,26,1,775000
8479370,20252026,27,1,775000
8479370,20262027,28,1.458679437637329,881215.75
8479378,20162017,17,3,1137500
8479378,20212022,22,2,900000
8479378,20232024,25,1,1000000
8479378,20242025,26,2,1250000
8479378,20262027,28,2.282770872116089,1680158.75
8479379,20162017,17,3,925000
8479379,20212022,22,2,750000
8479379,20232024,25,2,800000
8479379,20252026,27,1,775000
8479379,20262027,28,1.5306611061096191,1092915.875
8479383,20172018,18,3,925000
8479383,20212022,22,3,758333
8479383,20252026,27,1,775000
8479383,20262027,28,1.6875110864639282,1114887
8479393,20182019,19,3,850000
8479393,20222023,23,1,950000
8479393,20232024,25,1,775000
8479393,20242025,26,1,850000
8479393,20252026,27,1,775000
8479393,20262027,28,1.4775820970535278,974938.9375
8479395,20172018,18,3,925000
8479395,20212022,22,1,900000
8479395,20222023,23,2,762500
8479395,20242025,26,1,775000
8479395,20252026,27,1,775000
8479395,20262027,28,1.5863906145095825,1156347.25
8479402,20162017,17,3,925000
8479402,20212022,22,3,2333333
8479402,20242025,26,2,1750000
8479402,20262027,28,1.8560131788253784,1409093
8479414,20162017,18,3,925000
8479414,20212022,23,2,825000
8479414,20232024,25,2,1350000
8479414,20252026,27,1,775000
8479414,20262027,28,1.5735417604446411,1095459.75
8479416,20182019,19,3,761667
8479416,20232024,25,2,775000
8479416,20252026,27,1,800000
8479416,20262027,28,1.3542978763580322,1031157.6875
8479421,20162017,17,3,691667
8479421,20222023,23,2,762500
8479421,20242025,25,2,775000
8479421,20262027,27,1.5882079601287842,1051924.5
8479439,20182019,24,2,750000
8479439,20202021,26,2,725000
8479439,20222023,28,2,762500
8479439,20242025,31,2,775000
8479439,20262027,33,1.450850009918213,1281627.125
8479442,20162017,21,2,925000
8479442,20182019,23,2,2325000
8479442,20202021,25,2,1700000
8479442,20222023,27,1,1250000
8479442,20232024,29,1,1100000
8479442,20242025,30,2,787500
8479442,20262027,32,2.0442957878112793,1554394.25
8479496,20162017,23,1,925000
8479496,20182019,25,1,800000
8479496,20192020,26,2,2750000
8479496,20212022,28,1,1250000
8479496,20222023,29,1,900000
8479496,20232024,30,1,875000
8479496,20242025,31,1,1000000
8479496,20252026,32,1,1000000
8479516,20172018,18,3,925000
8479516,20212022,22,2,750000
8479516,20232024,25,1,775000
8479516,20242025,26,2,775000
8479516,20262027,28,1.4635815620422363,1268612
8479520,20192020,21,2,925000
8479520,20212022,23,2,750000
8479520,20232024,26,1,1100000
8479520,20242025,27,2,1850000
8479520,20262027,29,2.610020160675049,2197478
8479523,20182019,20,3,925000
8479523,20222023,24,1,800000
8479523,20232024,25,1,775000
8479523,20242025,26,2,800000
8479523,20262027,28,2.7867250442504883,2025612.125
8479533,20172018,18,3,925000
8479533,20232024,25,2,775000
8479533,20252026,27,1,775000
8479533,20262027,28,1.768320918083191,1086432.625
8479548,20192020,20,3,1100000
8479548,20242025,25,2,775000
8479550,20202021,22,2,925000
8479550,20222023,24,2,762500
8479550,20242025,27,2,775000
8479550,20262027,29,1.6065113544464111,1007658.3125
8479576,20222023,25,2,762500
8479576,20242025,28,2,2000000
8479576,20262027,30,2.4474117755889893,1823140.5
8479578,20192020,21,2,925000
8479578,20212022,23,2,750000
8479578,20232024,26,1,775000
8479578,20242025,27,2,775000
8479578,20262027,29,1.3965905904769897,1023829
8479594,20212022,22,2,925000
8479594,20232024,25,1,775000
8479594,20242025,26,1,775000
8479594,20252026,27,1,775000
8479594,20262027,28,1.487180233001709,754572.875
8479619,20162017,19,3,675000
8479619,20192020,22,2,700000
8479619,20212022,24,2,750000
8479619,20232024,27,2,775000
8479619,20252026,29,1,775000
8479619,20262027,30,1.6913179159164429,1688438.875
8479639,20172018,18,3,733333
8479639,20212022,22,2,762500
8479639,20232024,25,1,850000
8479639,20242025,26,1,775000
8479639,20252026,27,1,775000
8479639,20262027,28,1.6927953958511353,1187578.375
8479644,20162017,18,3,641667
8479644,20232024,26,1,775000
8479644,20252026,28,1,775000
8479644,20262027,29,1.635463833808899,1051484.625
8479705,20192020,21,2,800000
8479705,20212022,23,2,750000
8479705,20232024,26,1,775000
8479705,20242025,27,2,775000
8479705,20262027,29,1.6825830936431885,1010587.875
8479718,20182019,20,3,758333
8479718,20212022,23,3,758333
8479718,20242025,27,1,775000
8479718,20252026,28,1,775000
8479718,20262027,29,1.350427508354187,990563.25
8479746,20192020,20,3,925000
8479746,20242025,26,2,775000
8479746,20262027,28,1.530521035194397,1140108.125
8479772,20172018,20,3,995833
8479772,20202021,23,2,825000
8479772,20222023,25,1,925000
8479772,20232024,26,3,775000
8479772,20262027,29,1.7255744934082031,996107.8125
8479942,20242025,31,2,775000
8479942,20262027,33,1.545460820198059,804750.8125
8479944,20172018,22,2,925000
8479944,20192020,24,2,1000000
8479944,20212022,26,1,1725000
8479944,20222023,27,1,840630
8479944,20232024,29,1,775000
8479944,20242025,29,1,775000
8479944,20252026,30,1,775000
8479944,20262027,31,1.5185059309005737,991412.375
8479945,20172018,22,2,925000
8479945,20212022,26,2,750000
8479945,20232024,29,1,775000
8479945,20252026,31,1,775000
8479945,20262027,32,1.381351351737976,1257374.75
8479968,20172018,21,2,925000
8479968,20232024,28,2,775000
8479968,20252026,30,1,775000
8479968,20262027,31,1.4438918828964233,826292.3125
8479972,20182019,19,3,925000
8479972,20212022,22,2,750000
8479972,20232024,25,1,775000
8479972,20242025,25,1,775000
8479972,20252026,26,1,775000
8479972,20262027,27,1.4821723699569702,859275.875
8479973,20182019,19,3,925000
8479973,20212022,22,2,750000
8479973,20232024,24,3,2600000
8479976,20172018,18,3,1350000
8479976,20212022,22,2,1550000
8479976,20232024,24,1,1000000
8479976,20242025,25,2,2000000
8479976,20262027,27,2.3328945636749268,2227730.75
8479977,20172018,18,3,1155000
8479977,20212022,22,1,1175000
8479977,20222023,23,2,3100000
8479977,20232024,24,1,1500000
8479977,20242025,26,1,775000
8479977,20252026,26,1,775000
8479977,20262027,27,1.5032126903533936,1170195.75
8479981,20172018,18,3,925000
8479981,20232024,25,1,810000
8479981,20242025,25,2,775000
8479981,20262027,27,1.6392897367477417,1065202
8479983,20192020,20,3,1137500
8479983,20222023,23,4,3250000
8479983,20262027,27,5.127694129943848,4658264
8479986,20182019,19,3,1125000
8479986,20212022,22,1,874125
8479986,20222023,23,1,850000
8479986,20232024,24,1,775000
8479986,20242025,25,1,775000
8479986,20252026,26,1,775000
8479986,20262027,27,1.4484397172927856,1185899.625
8479991,20182019,18,3,925000
8479991,20222023,22,3,766667
8479991,20252026,26,1,775000
8479991,20262027,27,1.4412596225738525,1195872.875
8479994,20172018,17,3,925000
8479994,20232024,23,1,775000
8479994,20242025,24,2,775000
8479994,20262027,26,1.5693022012710571,883440.6875
8480007,20192020,19,3,900000
8480007,20222023,22,3,766667
8480007,20252026,26,1,775000
8480007,20262027,27,1.5086524486541748,1085214.5
8480009,20172018,17,3,3145833
8480009,20212022,21,3,1450000
8480009,20242025,25,2,3475000
8480009,20262027,27,2.599700689315796,3920411.25
8480021,20172018,17,3,925000
8480021,20222023,22,2,762500
8480021,20242025,25,1,775000
8480021,20252026,26,1,775000
8480021,20262027,27,1.484157681465149,851818.0625
8480027,20182019,18,3,925000
8480027,20222023,22,4,7750000
8480027,20262027,26,7.1558427810668945,11047977
8480032,20192020,19,3,1075000
8480032,20232024,23,1,775000
8480032,20242025,24,2,775000
8480032,20262027,26,1.569061040878296,844799.1875
8480043,20172018,17,3,1325000
8480043,20222023,22,2,1400000
8480043,20242025,25,2,3000000
8480043,20262027,27,3.408944606781006,4160159.25
8480051,20192020,19,3,966667
8480051,20222023,22,3,890000
8480051,20252026,25,1,775000
8480058,20172018,17,3,1137500
8480058,20222023,22,2,825000
8480058,20242025,25,1,950000
8480058,20252026,26,1,775000
8480058,20262027,27,1.5455714464187622,934526.3125
8480068,20182019,18,3,1491667
8480068,20212022,21,2,750000
8480068,20232024,24,1,1400000
8480068,20242025,25,2,1900000
8480068,20262027,27,2.802429676055908,2368078.5
8480070,20202021,20,3,1775000
8480070,20232024,24,1,775000
8480070,20242025,25,1,775000
8480070,20252026,26,1,775000
8480070,20262027,27,1.450063943862915,900394.8125
8480074,20182019,18,3,925000
8480074,20212022,21,2,1525000
8480074,20242025,24,2,2100000
8480074,20252026,26,1,1000000
8480074,20262027,27,1.5085077285766602,1336708.875
8480084,20172018,22,2,925000
8480084,20192020,24,2,700000
8480084,20222023,27,2,762500
8480084,20242025,29,1,775000
8480084,20252026,30,1,800000
8480084,20262027,31,1.5785002708435059,931715.75
8480144,20172018,21,2,925000
8480144,20192020,23,2,1000000
8480144,20212022,25,2,1500000
8480144,20232024,28,4,2400000
8480144,20252026,30,1,1100000
8480144,20262027,31,1.7435564994812012,1284007
8480157,20172018,22,2,1775000
8480157,20192020,24,2,750000
8480157,20222023,27,2,762500
8480157,20242025,30,1,775000
8480157,20252026,31,1,775000
8480157,20262027,32,1.5225427150726318,967488.5
8480191,20182019,18,3,925000
8480191,20232024,24,1,775000
8480191,20242025,25,2,775000
8480193,20192020,19,3,925000
8480193,20222023,22,3,1050000
8480193,20252026,26,1,1050000
8480196,20192020,21,3,925000
8480196,20222023,24,2,1850000
8480196,20242025,26,1,900000
8480196,20252026,27,1,900000
8480196,20262027,28,1.5188724994659424,978852.3125
8480222,20172018,20,3,925000
8480222,20202021,23,2,725000
8480222,20222023,25,2,825000
8480222,20242025,28,2,775000
8480222,20262027,30,2.1367342472076416,1427651.375
8480238,20202021,20,3,800000
8480238,20232024,24,1,775000
8480238,20242025,25,1,775000
8480238,20252026,26,1,775000
8480245,20212022,21,2,875000
8480245,20232024,23,2,787500
8480245,20252026,25,1,775000
8480245,20262027,26,1.381869912147522,1043556.3125
8480259,20182019,18,3,748333
8480259,20232024,24,1,775000
8480259,20242025,25,2,775000
8480259,20262027,27,1.5857657194137573,872570.25
8480291,20242025,25,1,775000
8480291,20252026,25,1,775000
8480291,20262027,26,1.9604073762893677,1045764
8480326,20182019,23,1,925000
8480326,20202021,25,1,771750
8480326,20222023,27,2,762500
8480326,20242025,30,2,775000
8480326,20262027,32,1.3624123334884644,1146984.375
8480382,20172018,20,3,925000
8480382,20202021,23,2,2425000
8480382,20222023,25,3,3400000
8480382,20252026,29,1,825000
8480426,20252026,27,1,775000
8480426,20262027,28,2.746621608734131,2370808
8480441,20192020,19,3,925000
8480441,20232024,24,2,775000
8480441,20252026,26,1,775000
8480441,20262027,27,1.3708873987197876,907906.9375
8480468,20222023,22,2,807500
8480468,20242025,25,2,775000
8480468,20262027,27,1.5799463987350464,866967.25
8480748,20182019,22,2,925000
8480748,20232024,28,1,775000
8480748,20242025,29,2,1500000
8480748,20262027,31,2.514599323272705,3011425.5
8480776,20172018,21,2,1350000
8480776,20192020,23,1,874125
8480776,20222023,26,2,762500
8480776,20252026,29,1,775000
8480776,20262027,30,1.4536670446395874,785919.375
8480798,20192020,19,3,925000
8480798,20232024,23,2,2250000
8480798,20252026,25,1,1200000
8480798,20262027,26,1.556018590927124,2395572.5
8480808,20192020,18,3,1075000
8480808,20232024,22,1,775000
8480808,20242025,23,1,775000
8480808,20252026,24,1,775000
8480808,20262027,25,1.358668565750122,1119461.375
8480813,20192020,18,3,1243750
8480813,20232024,23,1,825000
8480813,20242025,24,2,2275000
8480813,20252026,25,1,900000
8480813,20262027,26,1.748663067817688,1524316.75
8480819,20182019,18,3,925000
8480819,20232024,23,2,775000
8480819,20252026,25,1,775000
8480823,20182019,18,3,925000
8480823,20232024,23,2,825000
8480823,20252026,25,1,775000
8480823,20262027,26,1.7946925163269043,1168682.5
8480825,20222023,21,2,812500
8480825,20242025,24,2,775000
8480825,20262027,26,1.7288073301315308,936470.4375
8480828,20222023,22,2,925000
8480828,20242025,24,1,775000
8480828,20252026,25,1,775000
8480828,20262027,26,1.5519518852233887,882255.5625
8480833,20192020,19,3,1775000
8480833,20222023,22,1,875000
8480833,20252026,25,1,775000
8480833,20262027,26,1.3541042804718018,1182812.5
8480835,20212022,20,3,925000
8480835,20242025,24,2,1725000
8480835,20262027,26,2.473708391189575,2285708.5
8480836,20192020,18,3,830000
8480836,20232024,23,1,775000
8480836,20242025,24,2,775000
8480836,20262027,26,1.5844849348068237,865337.3125
8480848,20182019,17,3,1462500
8480848,20232024,22,1,900000
8480848,20242025,23,2,1300000
8480848,20262027,25,2.2238993644714355,1607617
8480849,20182019,17,3,2675000
8480849,20222023,21,2,1775000
8480849,20242025,24,2,2650000
8480849,20262027,26,3.6295220851898193,5398284
8480851,20192020,18,3,925000
8480851,20232024,23,1,775000
8480851,20242025,24,2,775000
8480851,20262027,26,1.5684609413146973,792272.8125
8480853,20182019,17,3,1300000
8480853,20222023,21,2,762500
8480853,20242025,24,1,775000
8480853,20252026,25,1,775000
8480853,20262027,26,1.4673380851745605,883978.5
8480871,20182019,17,3,1775000
8480871,20222023,21,3,2600000
8480871,20242025,23,1,775000
8480871,20252026,24,1,850000
8480871,20262027,25,1.4743459224700928,974663.9375
8480874,20222023,21,2,925000
8480874,20242025,24,2,787500
8480874,20262027,26,1.790716290473938,898003.375
8480876,20222023,21,2,837500
8480876,20242025,24,2,775000
8480876,20262027,26,1.6123114824295044,1042977.3125
8480878,20212022,20,3,1775000
8480878,20242025,23,1,1250000
8480878,20252026,24,1,1250000
8480878,20262027,25,1.5543768405914307,1059901.5
8480879,20202021,19,3,1208333
8480879,20232024,23,2,805000
8480879,20252026,25,1,875000
8480879,20262027,26,1.5586999654769897,1181209.625
8480884,20192020,18,3,925000
8480884,20232024,23,1,825000
8480884,20252026,25,1,775000
8480884,20262027,26,2.389120101928711,2987632.5
8480887,20212022,20,2,1137500
8480887,20232024,22,2,1400000
8480887,20252026,24,1,825000
8480887,20262027,25,1.555975079536438,888431.0625
8480890,20192020,18,3,925000
8480890,20232024,23,1,775000
8480890,20242025,23,1,775000
8480890,20252026,24,1,775000
8480890,20262027,25,1.427457332611084,1190006.625
8480891,20212022,20,3,925000
8480891,20242025,24,2,1400000
8480891,20262027,26,2.106696367263794,1997706.5
8480980,20192020,19,3,925000
8480980,20222023,22,2,800000
8480980,20242025,24,1,1180000
8480980,20252026,25,1,1100000
8480980,20262027,26,2.155489206314087,1662470.125
8480992,20232024,22,2,925000
8480992,20252026,24,1,775000
8481004,20212022,22,2,925000
8481004,20242025,25,1,775000
8481004,20252026,26,1,775000
8481004,20262027,27,1.3764703273773193,1300330.5
8481013,20212022,20,3,925000
8481013,20242025,24,1,825000
8481013,20252026,24,1,1825000
8481013,20262027,25,1.4651011228561401,1331975.375
8481019,20192020,18,3,925000
8481019,20222023,21,2,775000
8481019,20242025,24,2,835000
8481019,20262027,26,1.6162374019622803,940250.875
8481031,20192020,19,3,925000
8481031,20232024,24,1,775000
8481031,20252026,26,1,950000
8481032,20182019,18,3,800000
8481032,20232024,23,3,775000
8481032,20262027,26,2.609128475189209,1846431.375
8481033,20212022,20,3,925000
8481033,20242025,24,2,875000
8481035,20212022,21,3,925000
8481035,20242025,23,2,1450000
8481043,20212022,22,2,925000
8481043,20232024,25,1,775000
8481043,20242025,26,1,775000
8481043,20252026,27,1,1000000
8481043,20262027,28,1.6800730228424072,1352735.75
8481056,20222023,21,2,925000
8481056,20242025,24,2,825000
8481056,20262027,26,1.8759770393371582,1227196.625
8481059,20202021,21,2,2175000
8481059,20232024,24,1,775000
8481059,20242025,25,1,1150000
8481059,20252026,26,1,775000
8481059,20262027,27,1.5340107679367065,1602340.25
8481070,20202021,21,2,925000
8481070,20232024,24,1,775000
8481070,20242025,25,2,775000
8481070,20262027,27,1.5019046068191528,825980.6875
8481077,20202021,21,2,1137500
8481077,20232024,24,1,775000
8481077,20252026,26,1,775000
8481077,20262027,27,1.389465570449829,994925.6875
8481093,20212022,21,2,825000
8481093,20232024,24,2,1100000
8481093,20252026,26,1,775000
8481093,20262027,27,1.6934003829956055,846331.375
8481115,20242025,30,2,775000
8481115,20262027,32,1.368870496749878,1169300
8481178,20182019,17,3,783333
8481178,20232024,23,1,775000
8481178,20242025,24,2,1700000
8481178,20252026,25,1,1000000
8481178,20262027,26,1.6612141132354736,1464489.25
8481219,20202021,20,3,768333
8481219,20242025,25,1,775000
8481219,20252026,26,1,775000
8481219,20262027,27,1.8254814147949219,1201269.375
8481228,20192020,20,3,925000
8481228,20242025,25,1,775000
8481228,20252026,26,1,775000
8481228,20262027,27,1.375465989112854,1171143.25
8481239,20192020,18,3,925000
8481239,20232024,23,1,775000
8481239,20242025,24,1,775000
8481239,20252026,25,1,775000
8481239,20262027,26,1.389171838760376,1100893.375
8481422,20192020,23,1,792500
8481422,20232024,28,1,775000
8481422,20242025,29,2,775000
8481422,20262027,31,1.5697132349014282,908194.125
8481461,20232024,27,1,775000
8481461,20242025,28,1,775000
8481461,20252026,29,1,775000
8481461,20262027,30,1.5489866733551025,1192053.75
8481481,20182019,20,3,1491667
8481481,20212022,23,1,800000
8481481,20222023,24,2,1675000
8481481,20242025,26,2,1850000
8481481,20262027,28,2.203052043914795,1472164.625
8481517,20192020,19,3,925000
8481517,20222023,22,2,775000
8481517,20242025,25,1,1050000
8481517,20252026,26,1,775000
8481517,20262027,27,1.8814103603363037,1068231.875
8481518,20192020,18,3,925000
8481518,20242025,23,1,825000
8481518,20252026,24,1,775000
8481518,20262027,25,1.4176219701766968,898436.5625
8481521,20212022,21,2,1350000
8481521,20232024,24,2,850000
8481521,20252026,26,1,775000
8481521,20262027,27,1.9151676893234253,1143949.75
8481522,20192020,17,3,1337500
8481522,20242025,23,2,1450000
8481522,20262027,25,2.3876290321350098,2119445
8481523,20192020,17,3,3425000
8481523,20222023,20,4,3362500
8481523,20262027,24,2.6489415168762207,3771860.5
8481533,20202021,18,3,1775000
8481533,20232024,22,3,5750000
8481533,20262027,25,4.421270370483398,7198341.5
8481534,20202021,19,3,925000
8481534,20232024,22,1,874125
8481534,20242025,23,1,775000
8481534,20252026,24,1,775000
8481534,20262027,25,1.5234203338623047,965659.25
8481541,20202021,19,3,925000
8481541,20232024,22,2,800000
8481541,20252026,24,1,775000
8481541,20262027,25,1.617134928703308,973024.875
8481543,20192020,18,3,925000
8481543,20242025,24,1,775000
8481543,20252026,24,1,775000
8481543,20262027,25,1.4532815217971802,850528.625
8481544,20212022,20,3,925000
8481544,20242025,23,2,775000
8481550,20202021,18,3,925000
8481550,20242025,23,1,775000
8481550,20252026,24,1,775000
8481550,20262027,25,1.4532815217971802,884780.3125
8481553,20212022,19,3,1137500
8481553,20242025,22,2,1500000
8481553,20262027,24,2.7239367961883545,3278304.5
8481556,20222023,20,3,925000
8481556,20252026,24,1,900000
8481556,20262027,25,1.8177372217178345,1373066.625
8481558,20232024,22,2,950000
8481558,20252026,24,1,775000
8481558,20262027,25,1.3990254402160645,1068740.25
8481560,20202021,18,3,1066667
8481560,20242025,23,1,825000
8481560,20252026,24,1,775000
8481560,20262027,25,1.4644418954849243,1099062.5
8481562,20232024,21,2,925000
8481562,20252026,23,1,775000
8481562,20262027,24,1.938826560974121,513519.78125
8481567,20222023,22,2,1031250
8481567,20242025,23,2,1000000
8481567,20262027,25,1.530147910118103,1114569.125
8481569,20242025,22,2,825000
8481569,20262027,24,1.5557725429534912,1035417.4375
8481572,20192020,17,3,1137500
8481572,20242025,23,2,800000
8481572,20262027,25,1.606931447982788,874393.625
8481575,20192020,18,3,1350000
8481575,20252026,24,1,775000
8481575,20262027,25,1.3560608625411987,954977.3125
8481576,20192020,17,3,925000
8481576,20242025,23,1,775000
8481576,20252026,24,1,775000
8481576,20262027,25,1.4313908815383911,1122537
8481577,20192020,17,3,1066667
8481577,20242025,23,1,825000
8481577,20252026,23,1,1750000
8481577,20262027,24,1.4322142601013184,1071741.875
8481578,20212022,19,3,925000
8481578,20242025,23,1,800000
8481578,20252026,24,1,775000
8481578,20262027,25,1.3091331720352173,1086498.375
8481580,20192020,17,3,925000
8481580,20242025,23,2,2100000
8481580,20262027,25,4.542754173278809,5747527.5
8481582,20192020,17,3,850000
8481582,20242025,22,1,875000
8481582,20252026,23,1,1825000
8481582,20262027,24,1.7936737537384033,1920077.75
8481585,20192020,17,3,925000
8481585,20252026,24,1,800000
8481585,20262027,25,1.1392048597335815,1237133.25
8481587,20232024,22,2,925000
8481587,20252026,24,1,813750
8481587,20262027,25,1.4391217231750488,1170939.75
8481591,20192020,17,3,925000
8481591,20242025,23,2,775000
8481591,20262027,25,1.6622921228408813,1074985.625
8481594,20192020,17,3,941667
8481594,20242025,23,1,775000
8481594,20252026,24,1,775000
8481594,20262027,25,1.5131781101226807,910337.0625
8481598,20192020,17,3,1775000
8481598,20242025,23,2,4580917
8481598,20262027,25,4.297307968139648,5357495
8481599,20192020,17,3,1585000
8481599,20252026,24,1,775000
8481599,20262027,25,1.4343539476394653,804686.625
8481600,20192020,17,3,1083333
8481600,20232024,22,2,775000
8481600,20252026,24,1,775000
8481600,20262027,25,1.5403971672058105,973771.1875
8481604,20202021,19,3,925000
8481604,20232024,22,1,825000
8481604,20242025,23,2,1835000
8481604,20262027,25,4.787891387939453,5976601
8481606,20202021,18,3,925000
8481606,20242025,23,2,1500000
8481606,20262027,25,2.5606625080108643,2464244
8481609,20192020,17,3,925000
8481609,20242025,23,2,775000
8481609,20262027,25,1.6623128652572632,927816.1875
8481624,20192020,24,1,925000
8481624,20202021,25,2,1645000
8481624,20222023,27,4,4750000
8481624,20262027,31,3.274547576904297,3688496
8481641,20192020,22,2,925000
8481641,20212022,24,2,1050000
8481641,20232024,27,1,775000
8481641,20242025,28,1,775000
8481641,20252026,29,1,1250000
8481641,20262027,30,1.53676438331604,1095709.375
8481655,20202021,18,3,925000
8481655,20242025,23,1,800000
8481655,20252026,24,1,825000
8481655,20262027,25,1.5547527074813843,1059839
8481662,20222023,20,3,925000
8481662,20252026,24,1,775000
8481662,20262027,25,1.3557933568954468,1107537.5
8481668,20192020,17,3,810000
8481668,20242025,23,2,850000
8481679,20212022,19,3,813333
8481679,20242025,23,1,775000
8481679,20252026,24,1,775000
8481679,20262027,25,1.5510098934173584,993740.75
8481689,20222023,20,3,846667
8481689,20252026,24,1,775000
8481703,20212022,21,2,925000
8481703,20232024,24,1,775000
8481703,20242025,24,2,775000
8481703,20262027,26,1.41671884059906,891610.9375
8481708,20202021,19,3,925000
8481708,20232024,22,2,812500
8481708,20252026,24,1,900000
8481708,20262027,25,1.5334794521331787,1397124
8481711,20202021,19,3,925000
8481711,20232024,22,3,3425000
8481711,20262027,25,2.0570363998413086,3480498
8481712,20222023,21,2,925000
8481712,20242025,24,1,775000
8481712,20252026,25,1,875000
8481712,20262027,26,1.370431900024414,1081986.375
8481715,20212022,19,3,925000
8481715,20242025,23,1,775000
8481715,20252026,24,1,775000
8481715,20262027,25,1.4565352201461792,1105968.375
8481720,20212022,21,2,850000
8481720,20232024,24,2,775000
8481720,20252026,26,1,775000
8481720,20262027,27,1.3761879205703735,1048571.0625
8481721,20252026,24,1,1425000
8481721,20262027,25,1.7568267583847046,2053762
8481737,20232024,22,2,950000
8481737,20252026,24,1,775000
8481737,20262027,25,1.4696167707443237,1079596.375
8481743,20212022,21,3,925000
8481743,20242025,24,1,775000
8481743,20252026,25,1,775000
8481743,20262027,26,1.6570626497268677,1106367.5
8481757,20242025,22,2,855000
8481760,20242025,22,2,925000
8481760,20262027,24,1.376580834388733,1048146.9375
8481817,20222023,20,3,776667
8481817,20252026,24,1,775000
8481817,20262027,25,1.3496711254119873,1201989.5
8481848,20242025,23,2,885000
8481848,20262027,25,1.5588256120681763,804254.875
8482062,20202021,24,1,925000
8482062,20232024,27,1,775000
8482062,20242025,28,2,1000000
8482062,20262027,30,2.428435802459717,1744848.375
8482067,20202021,23,1,1350000
8482067,20212022,24,2,912500
8482067,20232024,26,1,775000
8482067,20242025,27,2,775000
8482067,20262027,29,1.8723552227020264,1008128.0625
8482070,20202021,21,2,1775000
8482070,20232024,25,1,775000
8482070,20242025,26,2,800000
8482070,20262027,28,1.4528456926345825,913944.6875
8482072,20202021,22,2,1137500
8482072,20232024,26,2,775000
8482072,20252026,28,1,775000
8482072,20262027,29,1.5519382953643799,835641.75
8482073,20212022,19,3,1325000
8482073,20242025,22,2,2200000
8482073,20262027,24,3.7246344089508057,4326429
8482076,20212022,20,3,925000
8482076,20242025,23,2,812500
8482077,20212022,19,3,1441667
8482077,20242025,22,2,2290457
8482077,20262027,24,2.8128395080566406,4166119.5
8482080,20222023,20,3,875000
8482080,20252026,23,1,813750
8482080,20262027,24,1.3503493070602417,1079053.75
8482081,20222023,21,3,1258333
8482081,20252026,23,1,775000
8482081,20262027,24,1.346603512763977,986709.3125
8482082,20232024,21,3,925000
8482082,20262027,24,1.382117509841919,1059643.5
8482085,20242025,22,2,950000
8482094,20212022,18,3,925000
8482094,20252026,23,1,775000
8482094,20262027,24,1.452127456665039,844123.3125
8482100,20242025,23,2,925000
8482100,20262027,25,2.777395009994507,2787474.5
8482101,20212022,18,3,925000
8482101,20252026,23,1,775000
8482101,20262027,24,1.387308955192566,879121
8482111,20212022,19,3,1158333
8482111,20242025,22,2,1150000
8482111,20262027,24,1.744014859199524,1543077
8482117,20212022,18,3,1337500
8482117,20242025,21,2,1200000
8482117,20262027,23,1.6368581056594849,1353178.125
8482120,20222023,19,3,893333
8482120,20252026,23,1,775000
8482120,20262027,24,1.3482753038406372,1102580.125
8482121,20242025,22,2,925000
8482121,20262027,24,1.4390876293182373,1232043.375
8482123,20232024,20,3,1208333
8482126,20232024,21,3,925000
8482126,20262027,24,1.7187498807907104,892329.8125
8482131,20212022,18,3,925000
8482131,20252026,23,1,775000
8482131,20262027,24,1.6342295408248901,1085830.125
8482132,20232024,20,3,925000
8482132,20262027,23,1.554700493812561,917144.875
8482133,20212022,18,3,925000
8482133,20242025,22,1,874125
8482133,20252026,23,1,775000
8482133,20262027,24,1.2401485443115234,680552.8125
8482134,20242025,22,2,925000
8482134,20262027,24,1.4648165702819824,1282097.625
8482136,20212022,18,3,925000
8482136,20252026,23,1,775000
8482136,20262027,24,1.3458815813064575,1108960.625
8482138,20232024,21,3,950000
8482138,20262027,24,1.4442437887191772,1164626.125
8482141,20202021,17,3,813333
8482141,20252026,23,1,775000
8482141,20262027,24,1.1985929012298584,1142119.625
8482142,20202021,17,3,1775000
8482142,20232024,21,3,2300000
8482142,20262027,24,4.294674873352051,5426840
8482144,20212022,18,3,925000
8482144,20252026,23,1,800000
8482144,20262027,24,1.4263867139816284,887838
8482145,20212022,18,3,925000
8482145,20252026,23,1,950000
8482145,20262027,24,1.9135100841522217,1692927.625
8482148,20202021,17,3,1167500
8482148,20252026,23,1,850000
8482148,20262027,24,1.403286099433899,1059671.375
8482149,20202021,17,3,1658333
8482149,20242025,22,2,3250000
8482149,20262027,24,2.3232147693634033,3237988.25
8482153,20222023,20,3,925000
8482153,20252026,23,1,775000
8482153,20262027,24,1.3869284391403198,874178.3125
8482154,20242025,22,2,925000
8482154,20262027,24,1.3857002258300781,1097255
8482160,20212022,18,3,838333
8482160,20252026,22,1,775000
8482160,20262027,23,1.362055778503418,1050844
8482162,20212022,18,3,925000
8482162,20252026,22,1,775000
8482162,20262027,23,1.440246820449829,1142512.875
8482166,20212022,18,3,1325000
8482166,20252026,23,1,1000000
8482166,20262027,24,1.9096370935440063,1506502.875
8482167,20222023,19,3,925000
8482167,20252026,23,1,775000
8482167,20262027,24,1.436011791229248,971289.9375
8482170,20242025,21,2,850000
8482170,20262027,23,1.383247971534729,995761.0625
8482171,20232024,20,3,925000
8482171,20262027,23,1.4440456628799438,1102815.25
8482173,20212022,18,3,853333
8482173,20252026,23,1,775000
8482173,20262027,24,1.3475533723831177,975719.875
8482174,20212022,18,3,835000
8482174,20252026,23,1,775000
8482174,20262027,24,1.3530616760253906,966748.6875
8482178,20242025,23,2,925000
8482178,20262027,25,1.7224308252334595,1078610.75
8482187,20212022,18,3,850833
8482187,20252026,22,1,813750
8482187,20262027,23,1.353835105895996,1034138.4375
8482188,20222023,19,3,843333
8482188,20252026,23,1,775000
8482193,20212022,18,3,925000
8482193,20252026,23,1,775000
8482205,20222023,19,3,841667
8482205,20252026,23,1,775000
8482206,20232024,20,3,925000
8482206,20262027,23,1.4979723691940308,781310.4375
8482209,20222023,19,3,846667
8482209,20252026,23,1,775000
8482209,20262027,24,2.3902039527893066,1821851.875
8482213,20242025,22,2,925000
8482213,20262027,24,1.4939931631088257,961040.1875
8482259,20222023,25,2,762500
8482259,20242025,27,2,1350000
8482259,20262027,29,2.6779727935791016,2763153
8482399,20222023,25,2,762500
8482399,20242025,28,2,775000
8482399,20262027,30,1.3905370235443115,1111807
8482408,20212022,24,1,780000
8482408,20222023,25,2,762500
8482408,20242025,27,2,775000
8482408,20262027,29,1.676917552947998,988031.75
8482411,20212022,25,2,750000
8482411,20232024,27,2,775000
8482411,20252026,29,1,775000
8482446,20232024,21,3,925000
8482447,20212022,18,3,838333
8482447,20252026,22,1,1050000
8482451,20222023,20,3,925000
8482451,20252026,23,1,775000
8482451,20262027,24,1.3942142724990845,860217.4375
8482466,20242025,21,2,852500
8482466,20262027,23,1.3978115320205688,1187374.5
8482468,20252026,24,1,975000
8482468,20262027,25,1.350388526916504,965317.6875
8482470,20212022,20,3,828333
8482470,20242025,24,2,775000
8482470,20262027,26,1.7168347835540771,1084430
8482472,20242025,23,2,823750
8482475,20202021,18,3,1325000
8482475,20232024,22,1,800000
8482475,20242025,23,2,2100000
8482475,20262027,25,1.746498465538025,2210986.25
8482477,20222023,19,3,925000
8482477,20252026,23,1,775000
8482478,20232024,21,3,925000
8482478,20262027,24,1.3792704343795776,1040729.375
8482479,20232024,21,2,925000
8482479,20252026,24,1,775000
8482479,20262027,25,1.3189582824707031,1258228.875
8482484,20232024,21,3,858000
8482496,20222023,21,2,925000
8482496,20242025,23,2,825000
8482496,20262027,25,1.5501573085784912,776498.9375
8482499,20242025,23,2,950000
8482499,20262027,25,1.3894213438034058,941385.125
8482501,20212022,20,3,838333
8482501,20252026,25,1,775000
8482504,20242025,21,2,855000
8482507,20242025,22,2,975000
8482507,20262027,24,1.4594441652297974,1199537.5
8482516,20222023,21,2,925000
8482516,20242025,23,2,800000
8482516,20262027,25,1.781764268875122,1113610.625
8482525,20232024,21,3,851667
8482525,20262027,24,1.3831069469451904,996589.875
8482623,20202021,21,2,925000
8482623,20222023,23,1,874125
8482623,20232024,24,1,775000
8482623,20242025,25,2,775000
8482623,20262027,27,1.6208491325378418,982218.8125
8482624,20212022,23,1,925000
8482624,20222023,24,2,762500
8482624,20242025,26,2,1250000
8482624,20262027,28,2.3285279273986816,1480915
8482631,20252026,28,1,775000
8482631,20262027,29,1.5082110166549683,1476473.875
8482634,20212022,21,3,834167
8482634,20242025,24,1,775000
8482634,20252026,25,1,850000
8482634,20262027,26,1.4178426265716553,1046035.125
8482635,20202021,20,2,925000
8482635,20222023,22,2,800000
8482635,20242025,25,2,775000
8482635,20262027,27,1.5339319705963135,1035580.5625
8482652,20212022,23,2,827500
8482652,20232024,25,2,825000
8482652,20252026,27,1,775000
8482652,20262027,28,1.549446940422058,1066098.875
8482659,20232024,21,3,925000
8482659,20262027,24,2.6949009895324707,3996601.75
8482666,20232024,21,3,1158333
8482666,20262027,24,1.8530182838439941,1431760.125
8482668,20232024,20,3,925000
8482673,20222023,19,3,1167500
8482673,20252026,22,1,775000
8482673,20262027,23,2.2094390392303467,644874.9375
8482678,20232024,19,3,925000
8482678,20262027,22,1.5554656982421875,985098.75
8482704,20232024,20,3,925000
8482704,20262027,23,1.3863909244537354,1119289.5
8482705,20212022,17,3,1633333
8482705,20242025,21,2,2250000
8482705,20262027,23,2.7984139919281006,3603647.5
8482706,20232024,19,3,843333
8482706,20262027,22,1.556187629699707,974885.5625
8482707,20232024,19,3,900000
8482707,20262027,22,1.5545158386230469,886464.875
8482713,20232024,20,3,925000
8482713,20252026,22,1,775000
8482713,20262027,23,2.255139112472534,2447459.5
8482761,20232024,20,3,840000
8482766,20232024,19,3,925000
8482766,20262027,22,1.5364007949829102,810322.6875
8482768,20232024,20,3,1066667
8482768,20262027,23,1.7444342374801636,1525183.375
8482783,20232024,21,3,925000
8482785,20232024,20,3,851667
8482785,20262027,23,1.5492655038833618,971786.0625
8482801,20232024,20,3,875000
8482801,20262027,23,1.3899363279342651,974977.0625
8482802,20232024,21,3,925000
8482802,20262027,24,1.383379578590393,1195084.5
8482806,20222023,32,3,903333
8482806,20252026,22,1,775000
8482806,20262027,23,1.3608269691467285,1119806.75
8482824,20222023,21,2,835000
8482824,20252026,25,1,775000
8482824,20262027,26,1.3533823490142822,1086095.625
8482829,20222023,20,3,950000
8482829,20252026,22,1,775000
8482829,20262027,23,1.4317150115966797,1201285
8482839,20242025,24,1,810000
8482839,20252026,25,1,775000
8482839,20262027,26,1.3614438772201538,1058791.875
8482863,20232024,20,3,925000
8482863,20262027,23,1.3906582593917847,1044034.375
8482866,20232024,20,3,925000
8482866,20262027,23,1.8314385414123535,1149882.75
8482867,20242025,22,2,867500
8482869,20222023,19,3,850833
8482869,20252026,22,1,775000
8482882,20232024,20,3,925000
8482882,20262027,23,1.381604552268982,1188220.625
8482916,20232024,19,3,925000
8482916,20262027,22,1.701230764389038,1138931.125
8482933,20232024,20,3,850000
8482933,20262027,23,1.4720287322998047,1208702.25
8482934,20232024,19,3,860000
8482934,20262027,22,1.721503734588623,1113633.625
8482940,20232024,20,3,851667
8482947,20252026,23,1,867500
8482947,20262027,24,1.472154140472412,1040485.625
8482953,20252026,24,1,925000
8482953,20262027,25,1.4417120218276978,1170768.5
8482960,20232024,20,3,851667
8482960,20262027,23,1.3823264837265015,1059329.5
8482964,20212022,19,3,828333
8482964,20242025,23,2,1300000
8482964,20262027,25,2.196153163909912,1966154
8482982,20212022,19,3,758333
8482982,20242025,23,2,812500
8483012,20232024,20,3,950000
8483012,20262027,23,2.4197628498077393,1538510.5
8483017,20232024,20,3,860000
8483017,20262027,23,1.4694206714630127,868127.0625
8483043,20232024,20,3,950000
8483043,20262027,23,1.393772840499878,977772.9375
8483045,20232024,20,3,858333
8483045,20262027,23,1.504609227180481,1162214.5
8483059,20232024,20,3,910833
8483059,20262027,23,1.3947227001190186,914219.1875
8483061,20232024,21,3,825000
8483061,20262027,24,1.3731927871704102,991927.75
8483062,20232024,20,3,950000
8483062,20262027,23,1.3930509090423584,1030949.5
8483083,20242025,22,2,860000
8483104,20232024,21,3,840000
8483104,20262027,24,1.3792704343795776,1084601.125
8483397,20212022,21,2,925000
8483397,20232024,23,1,775000
8483397,20242025,24,1,775000
8483397,20252026,25,1,775000
8483397,20262027,26,1.4969415664672852,949434.125
8483398,20222023,19,2,925000
8483398,20242025,22,2,775000
8483398,20262027,24,1.7220340967178345,952584.125
8483406,20222023,23,1,925000
8483406,20232024,25,1,775000
8483406,20242025,26,1,775000
8483406,20252026,27,1,775000
8483406,20262027,28,2.345761299133301,1401338.375
8483407,20212022,21,2,925000
8483407,20232024,24,1,775000
8483407,20242025,24,2,775000
8483407,20262027,26,1.4238241910934448,1271457
8483425,20232024,18,3,1450000
8483425,20232024,20,3,916667
8483425,20262027,23,1.8700264692306519,1272583
8483426,20232024,19,3,950000
8483427,20232024,18,3,950000
8483427,20262027,21,2.245816469192505,1090102
8483428,20232024,19,3,1033333
8483428,20262027,22,1.5868157148361206,1052002.75
8483438,20232024,19,3,860000
8483438,20262027,22,1.550679326057434,1024410.1875
8483439,20232024,19,3,950000
8483439,20262027,22,1.5576330423355103,1168091.875
8483442,20232024,19,3,950000
8483442,20262027,22,1.5607476234436035,1072118.125
8483445,20232024,20,3,1900000
8483445,20262027,23,3.935124635696411,5726995.5
8483448,20232024,19,3,950000
8483448,20262027,22,1.8766231536865234,835666.8125
8483449,20232024,19,3,950000
8483449,20262027,22,1.5470682382583618,1011750.0625
8483451,20232024,19,3,857500
8483451,20262027,22,1.549007534980774,1010865.3125
8483452,20232024,18,3,950000
8483452,20262027,21,2.0160326957702637,827162.1875
8483467,20232024,19,3,850000
8483467,20262027,22,1.8044697046279907,1115449.25
8483470,20232024,19,3,950000
8483470,20262027,22,1.5518546104431152,933057.0625
8483476,20232024,18,3,1425000
8483476,20262027,21,2.1037404537200928,1426197.125
8483480,20232024,18,3,950000
8483480,20262027,21,2.257563352584839,1081091.125
8483482,20232024,19,3,950000
8483482,20262027,22,1.881242036819458,1118229.375
8483486,20232024,18,3,950000
8483486,20262027,21,2.2618963718414307,1095416.25
8483494,20232024,19,3,925000
8483494,20262027,22,1.5537939071655273,843812.25
8483496,20232024,19,3,950000
8483496,20262027,22,1.5497294664382935,1033678.25
8483497,20232024,18,3,950000
8483497,20262027,21,2.235102891921997,1595562.5
8483505,20232024,19,3,950000
8483505,20262027,22,1.781615138053894,1089431.5
8483514,20232024,19,3,850000
8483514,20262027,22,1.5545158386230469,1011113.4375
8483520,20232024,19,3,858333
8483520,20262027,22,1.55596125125885,993049.125
8483521,20232024,19,3,950000
8483521,20262027,22,1.7164374589920044,1095939.875
8483531,20222023,22,2,925000
8483531,20242025,25,2,775000
8483531,20262027,27,1.536434531211853,1007057.875
8483534,20222023,22,2,925000
8483534,20252026,25,1,775000
8483538,20242025,26,1,775000
8483538,20252026,27,1,775000
8483538,20262027,28,1.6363179683685303,1202658.5
8483548,20222023,23,1,825000
8483548,20232024,24,1,775000
8483548,20242025,25,1,775000
8483548,20252026,27,1,775000
8483553,20242025,24,1,775000
8483553,20252026,25,1,900000
8483553,20262027,26,1.475104570388794,944288.4375
8483565,20212022,22,1,925000
8483565,20222023,23,2,825000
8483565,20242025,26,2,775000
8483565,20262027,28,2.4724514484405518,1467870
8483567,20222023,21,3,925000
8483567,20252026,24,1,775000
8483567,20262027,25,1.367107629776001,961981.625
8483570,20212022,22,2,1031250
8483570,20232024,24,1,775000
8483570,20242025,25,1,775000
8483570,20252026,26,1,775000
8483570,20262027,27,1.5319223403930664,874481
8483573,20232024,25,1,775000
8483573,20242025,26,2,775000
8483573,20262027,28,1.520298719406128,1039297.375
8483579,20222023,22,2,802500
8483579,20242025,24,1,775000
8483579,20252026,25,1,775000
8483579,20262027,26,1.3549857139587402,1160835.875
8483630,20222023,22,2,925000
8483630,20242025,24,1,775000
8483630,20252026,25,1,775000
8483630,20262027,26,1.682299017906189,1894436.5
8483654,20252026,24,1,790000
8483659,20232024,22,2,812500
8483659,20252026,23,1,775000
8483668,20232024,19,3,950000
8483673,20232024,19,3,900000
8483673,20262027,22,1.6131576299667358,1218663.125
8483676,20242025,21,2,1200000
8483676,20262027,23,1.5516560077667236,1734939.25
8483677,20232024,19,3,950000
8483677,20262027,22,1.5497294664382935,1038614.5625
8483678,20232024,19,3,950000
8483678,20262027,22,1.8407540321350098,920230.8125
8483687,20232024,18,3,950000
8483687,20262027,21,2.24395489692688,1194413.625
8483697,20232024,19,3,860000
8483697,20262027,22,1.5470682382583618,1020370.5
8483699,20232024,19,3,852500
8483699,20262027,22,1.5497294664382935,887237
8483711,20232024,19,3,858333
8483728,20242025,21,2,880000
8483728,20262027,23,1.505131721496582,1045940.9375
8483732,20232024,19,3,900000
8483732,20262027,22,1.602293610572815,1090982
8483733,20232024,20,3,875000
8483733,20262027,23,1.5723192691802979,1055090.625
8483740,20232024,19,3,855000
8483740,20262027,22,1.549007534980774,1052619.375
8483745,20232024,19,3,879167
8483745,20262027,22,1.5514012575149536,932497
8483746,20242025,21,2,852500
8483748,20232024,19,3,844167
8483748,20262027,22,1.5545158386230469,976216.25
8483751,20232024,19,3,850000
8483760,20242025,21,2,1200000
8483760,20262027,23,1.5383504629135132,1358430.125
8483763,20232024,20,3,859167
8483763,20262027,23,3.7518889904022217,3890524
8483766,20232024,20,3,875000
8483766,20262027,23,1.39772367477417,689966.625
8483768,20242025,21,2,950000
8483768,20262027,23,1.8822509050369263,1002745.625
8483772,20232024,19,3,857500
8483772,20262027,22,1.5405372381210327,1058741.625
8483799,20232024,21,3,950000
8483799,20262027,24,1.4381661415100098,1227697
8483808,20222023,25,1,1800000
8483808,20232024,26,2,5500000
8483808,20252026,29,1,4300000
8483808,20262027,30,1.8486909866333008,4294593.5
8483841,20252026,23,1,850000
8483841,20262027,24,1.4344829320907593,804991.125
8483847,20232024,19,3,845000
8483847,20262027,22,1.549007534980774,1070798.75
8483930,20242025,21,2,845000
8483930,20262027,23,1.4855666160583496,947324.75
8484107,20232024,21,3,950000
8484107,20262027,24,1.3775986433029175,1127059.875
8484110,20232024,20,3,852500
8484110,20262027,23,1.487679123878479,1225938.25
8484124,20232024,20,3,915833
8484124,20262027,23,1.3823264837265015,1069146.25
8484125,20222023,20,3,1366667
8484125,20252026,22,1,800000
8484125,20262027,23,1.3610152006149292,1037856.5625
8484139,20232024,18,3,950000
8484139,20262027,21,2.2623493671417236,1028422
8484143,20232024,18,3,1200000
8484143,20262027,21,2.27254319190979,1152622.375
8484144,20232024,18,3,4450000
8484144,20262027,21,6.881595134735107,9962705
8484145,20232024,18,3,1600000
8484145,20262027,21,3.7254226207733154,4494710.5
8484147,20232024,18,3,950000
8484153,20232024,18,3,4200000
8484153,20262027,21,6.117651462554932,8599829
8484155,20232024,18,3,855000
8484155,20262027,21,2.2506024837493896,1154843.25
8484158,20232024,18,3,935833
8484158,20262027,21,2.259599208831787,1855585.625
8484159,20232024,18,3,950000
8484159,20262027,21,2.266456365585327,1139419.75
8484160,20232024,18,3,1950000
8484160,20262027,21,2.1964759826660156,1507689.375
8484163,20232024,18,3,900000
8484163,20262027,21,2.2388153076171875,1071138.875
8484164,20232024,18,3,1733333
8484164,20262027,21,2.1881330013275146,1543174.75
8484165,20232024,18,3,950000
8484165,20262027,21,2.2525014877319336,1090369.375
8484166,20232024,18,3,3150000
8484166,20262027,21,5.87756872177124,7913062
8484173,20232024,18,3,950000
8484173,20262027,21,2.2650105953216553,1072024.125
8484176,20232024,18,3,950000
8484176,20262027,21,2.2786900997161865,1319204.25
8484180,20232024,18,3,1450000
8484180,20262027,21,2.1884162425994873,1197725.25
8484187,20232024,18,3,950000
8484187,20262027,21,2.2681281566619873,1246450
8484196,20232024,18,3,950000
8484196,20262027,21,2.2602245807647705,999523.6875
8484200,20232024,18,3,1033333
8484200,20262027,21,2.282902956008911,1253006.875
8484202,20232024,18,3,950000
8484202,20262027,21,2.259235143661499,1030411.375
8484203,20232024,18,3,950000
8484203,20262027,21,2.8527700901031494,2112539.25
8484213,20232024,18,3,950000
8484213,20262027,21,2.255755662918091,1043566.0625
8484220,20232024,18,3,2116667
8484220,20262027,21,2.3580739498138428,2015489.625
8484222,20232024,18,3,950000
8484222,20262027,21,2.259235143661499,1204437.5
8484238,20232024,18,3,950000
8484238,20262027,21,2.241422653198242,1244391.75
8484243,20232024,18,3,875000
8484243,20262027,21,2.2506024837493896,1177242.5
8484255,20232024,23,1,950000
8484255,20242025,25,1,775000
8484255,20252026,26,1,775000
8484255,20262027,27,1.4653671979904175,944458.25
8484258,20232024,24,2,850000
8484258,20252026,26,1,1400000
8484258,20262027,27,2.0312917232513428,1704679.375
8484262,20232024,23,2,950000
8484262,20252026,25,1,775000
8484262,20262027,26,1.5037256479263306,1163398.5
8484271,20232024,21,3,950000
8484271,20262027,24,1.378320574760437,1022131.5
8484287,20222023,21,2,950000
8484287,20242025,23,1,775000
8484287,20252026,24,1,775000
8484287,20262027,25,1.5258368253707886,1031431.3125
8484304,20232024,26,1,950000
8484304,20242025,27,2,850000
8484304,20262027,29,1.9135959148406982,1225624.25
8484312,20232024,23,2,950000
8484312,20252026,25,1,775000
8484380,20242025,24,1,950000
8484380,20252026,26,1,775000
8484380,20262027,27,1.3771377801895142,1096448.25
8484464,20232024,18,3,851667
8484464,20262027,21,2.2678446769714355,1148548.625
8484534,20232024,20,3,805000
8484534,20262027,23,1.4877398014068604,1143492.875
8484556,20232024,18,3,800000
8484556,20262027,21,2.2618963718414307,973972.125
8484566,20252026,24,1,790000
8484566,20262027,25,1.4167108535766602,1276920.375
8484821,20242025,24,1,870000
8484821,20252026,25,1,775000
8484821,20262027,26,1.5063865184783936,823524.8125
8484822,20242025,23,2,950000
8484822,20262027,25,1.391093134880066,964914.4375
8484829,20242025,23,2,950000
8484829,20262027,25,1.539460301399231,946378.9375
8484830,20242025,22,2,950000
8484830,20262027,24,1.384028434753418,1052666.25
8484834,20242025,21,2,950000
8484834,20262027,23,1.3961397409439087,1007736
8484835,20242025,23,1,850000
8484835,20252026,24,1,775000
8484887,20242025,24,1,805000
8484887,20252026,24,1,775000
8484891,20242025,21,2,950000
8484891,20262027,23,1.389907956123352,1095102.625
8484900,20242025,22,2,950000
8484901,20242025,22,2,875000
8484901,20262027,24,1.5101536512374878,895335.6875
8484910,20242025,23,2,950000
8484911,20232024,21,3,1283333
8484911,20262027,24,2.3242297172546387,1562993.25
8484916,20242025,23,2,950000
8484916,20262027,25,1.3903712034225464,1082901.25
8484928,20242025,25,1,950000
8484928,20252026,26,1,800000
8484928,20262027,27,1.517849087715149,1244337.125
8484933,20242025,22,2,950000
8484933,20262027,24,1.5544072389602661,1188073.875
8484938,20242025,23,2,950000
8484938,20262027,25,1.5484912395477295,1218291.875
8484966,20242025,22,2,950000
8484966,20262027,24,1.378520131111145,1100876.5
8485459,20252026,24,1,875000
8485459,20262027,25,1.3469587564468384,1031571.6875
8485465,20252026,23,1,872500
8485469,20242025,23,2,923750
8485469,20262027,25,1.4832751750946045,1092478.875
8485483,20242025,22,2,975000
8485483,20262027,24,1.4847815036773682,944716.5625
8485485,20252026,24,1,975000
8485485,20262027,25,1.3564099073410034,1148876.125
8485490,20252026,24,1,823750
8485490,20262027,25,1.35502028465271,1096903.25
8485493,20252026,29,1,1200000
8485493,20262027,30,1.4565988779067993,1446161.375
8485495,20252026,23,1,975000
8485495,20262027,24,1.3497819900512695,1069699.25
8485496,20252026,24,1,950000
8485496,20262027,25,1.4214972257614136,1329345
8485509,20252026,26,1,975000
8485509,20262027,27,1.3787156343460083,1022131.4375
8485510,20252026,23,1,872500
8485510,20262027,24,1.3438911437988281,1050994.5
8485511,20242025,23,2,875000
8485511,20262027,25,1.521344542503357,712357.9375
8485527,20252026,24,1,861000
8485527,20262027,25,1.349284052848816,1117242.25
8485538,20252026,23,1,975000
8485539,20252026,25,1,775000
8485539,20262027,26,1.3566575050354004,1126505
8485702,20252026,24,1,975000
8485702,20262027,25,1.50421142578125,1511055.75
