playerId,playerFullName,gamesPlayed_20242025_2,timeOnIce_20242025_2,iFenwickA_20242025_2,iFenwickAper82_20242025_2,iFenwickAper60_20242025_2,iSOGA_20242025_2,iSOGAper82_20242025_2,iSOGAper60_20242025_2,iGA_20242025_2,iGAper82_20242025_2,iGAper60_20242025_2,ixGA_20242025_2,ixGAper82_20242025_2,ixGAper60_20242025_2,iGSaX_20242025_2,iGSaXper82_20242025_2,iGSaXper60_20242025_2,gamesPlayed_20242025_3,timeOnIce_20242025_3,iFenwickA_20242025_3,iFenwickAper82_20242025_3,iFenwickAper60_20242025_3,iSOGA_20242025_3,iSOGAper82_20242025_3,iSOGAper60_20242025_3,iGA_20242025_3,iGAper82_20242025_3,iGAper60_20242025_3,ixGA_20242025_3,ixGAper82_20242025_3,ixGAper60_20242025_3,iGSaX_20242025_3,iGSaXper82_20242025_3,iGSaXper60_20242025_3
8470594,Marc-Andre Fleury,26,1390.2666666666667,1057,3333.6153846153848,45.617147789392924,733,2311.769230769231,31.634218854895945,68,214.46153846153845,2.934688788721588,64.02365862031002,201.9207694948239,2.7630810759700304,-3.976341379689984,-12.540768966714564,-0.17160771275155776,1,24.083333333333332,13,1066,32.38754325259516,733,60106,1826.1591695501731,1,82,2.4913494809688586,0.7322730012238026,60.04638610035181,1.8243479615264286,-0.26772699877619743,-21.95361389964819,-0.6670015194424296
8471734,Jonathan Quick,24,1325.6833333333334,1047,3577.25,47.386882236833834,707,2415.583333333333,31.998591921147582,70,239.16666666666666,3.168177417935404,70.55760896776337,241.07183063985818,3.1934146199312066,0.5576089677633718,1.9051639731915202,0.025237201995802646,0,0,0,0,0,707,Inf,Inf,0,0,0,0,0,0,0,0,0
8473503,James Reimer,24,1362.8333333333333,1042,3560.1666666666665,45.87501528677999,663,2265.25,29.18918918918919,69,235.75,3.0377889201418617,74.77188699261751,255.47061389144315,3.291901591945983,5.77188699261751,19.720613891443158,0.2541126718041218,0,0,0,0,0,663,Inf,Inf,0,0,0,0,0,0,0,0,0
8473575,Semyon Varlamov,10,602.4,478,3919.6,47.60956175298805,311,2550.2000000000003,30.97609561752988,29,237.79999999999998,2.8884462151394423,31.29757422831608,256.64010867219184,3.117288269752598,2.29757422831608,18.840108672191857,0.22884205461315538,0,0,0,0,0,311,Inf,Inf,0,0,0,0,0,0,0,0,0
8474593,Jacob Markstrom,49,2903.016666666667,2005,3355.3061224489793,41.43965185640224,1258,2105.2244897959185,26.00053966850575,121,202.48979591836735,2.5008468202616814,128.3019507692661,214.709387001629,2.65176467450157,7.301950769266114,12.219591083261658,0.15091785423988843,5,345.1333333333333,303,4969.2,52.67529457214603,1258,20631.2,218.6980876955766,16,262.40000000000003,2.7815337067799883,20.18750812218059,331.07513320376165,3.5095146436087563,4.1875081221805885,68.67513320376166,0.7279809368287675
8474596,Jake Allen,31,1738.1666666666667,1290,3412.258064516129,44.529676862594684,850,2248.3870967741937,29.341259948221303,77,203.67741935483872,2.657972960015342,91.4735416311305,241.96227141137746,3.1575870157452277,14.473541631130502,38.284852056538746,0.49961405572988593,0,0,0,0,0,850,Inf,Inf,0,0,0,0,0,0,0,0,0
8474682,Dustin Tokarski,6,358.31666666666666,229,3129.6666666666665,38.34596957998046,144,1968,24.112749430206055,13,177.66666666666666,2.1768454346713804,13.67418235418154,186.88049217381436,2.2897370331203097,0.6741823541815393,9.213825507147703,0.11289159844892978,0,0,0,0,0,144,Inf,Inf,0,0,0,0,0,0,0,0,0
8475311,Darcy Kuemper,50,2973.65,2012,3299.6800000000003,40.59657323491332,1305,2140.2000000000003,26.33127637751585,100,164,2.017722327778992,131.96780142741045,216.42719434095312,2.662743794879904,31.96780142741045,52.427194340953136,0.6450214671009119,6,369.3333333333333,315,4305,51.17328519855596,1305,17835,212.00361010830326,23,314.33333333333337,3.736462093862816,23.124905211036097,316.0403712174933,3.7567535541394386,0.12490521103609709,1.7070378841599936,0.02029146027662227
8475660,Cam Talbot,47,2642.1666666666665,2002,3492.851063829787,45.46268845013562,1341,2339.6170212765956,30.452280325490445,129,225.06382978723406,2.929413991042705,139.6381491429638,243.62400488772408,3.1709918432767914,10.638149142963812,18.560175100490053,0.24157785223408643,0,0,0,0,0,1341,Inf,Inf,0,0,0,0,0,0,0,0,0
8475683,Sergei Bobrovsky,54,3199.983333333333,2091,3175.222222222222,39.206454200282295,1396,2119.8518518518517,26.17513632883505,130,197.40740740740742,2.4375126953786217,135.00945977063384,205.0143648368884,2.5314405552856103,5.009459770633839,7.606957429481015,0.09392785990698818,23,1442.5666666666666,979,3490.347826086957,40.719088661413686,1396,4977.04347826087,58.0631744344571,53,188.95652173913044,2.2044041869815376,60.12992947298335,214.37627029498412,2.500956005531114,7.129929472983349,25.41974855585368,0.29655181854957663
8475717,Calvin Pickard,36,1881.7166666666667,1231,2803.9444444444443,39.25139278849986,872,1986.2222222222222,27.80439846593979,85,193.61111111111111,2.710291134867984,81.32913486345205,185.249696077863,2.5932427438458445,-3.6708651365479454,-8.361415033248097,-0.11704839102213939,10,526.15,361,2960.2000000000003,41.16696759479236,872,7150.4000000000005,99.43932338686686,25,205,2.8508980328803575,23.043521872139536,188.9568793515442,2.627789247036724,-1.9564781278604642,-16.043120648455808,-0.22310878584363367
8475809,Scott Wedgewood,24,1373.0833333333333,940,3211.6666666666665,41.07543849001639,632,2159.333333333333,27.616677793287614,53,181.08333333333334,2.315955574437094,62.18170691339765,212.45416528744195,2.7171711463037145,9.181706913397647,31.370831954108628,0.4012155718666205,1,18.5,12,984,38.91891891891892,632,51824,2049.7297297297296,0,0,0,1.2915094895288348,105.90377814136446,4.188679425498924,1.2915094895288348,105.90377814136446,4.188679425498924
8475831,Philipp Grubauer,26,1460.4833333333333,1189,3749.923076923077,48.846842940122556,765,2412.6923076923076,31.42795193372057,85,268.0769230769231,3.4919946593022857,77.3239155394258,243.8677336243429,3.1766435305884224,-7.676084460574202,-24.209189452580176,-0.3153511287138633,0,0,0,0,0,765,Inf,Inf,0,0,0,0,0,0,0,0,0
8475839,Louis Domingue,1,60,72,5904,72,54,4428,54,2,164,2,4.289457295206375,351.7354982069228,4.289457295206375,2.2894572952063754,187.73549820692278,2.2894572952063754,0,0,0,0,0,54,Inf,Inf,0,0,0,0,0,0,0,0,0
8475852,Petr Mrazek,38,2080.116666666667,1671,3605.842105263158,48.199219595054764,1157,2496.684210526316,33.37312810980153,116,250.31578947368422,3.345966171769211,111.42563292733394,240.4447868431943,3.214020676231318,-4.574367072666064,-9.871002630489928,-0.13194549553789314,0,0,0,0,0,1157,Inf,Inf,0,0,0,0,0,0,0,0,0
8475883,Frederik Andersen,22,1319.5166666666667,871,3246.4545454545455,39.605411072236045,594,2214,27.009889984969245,55,205,2.5009157393490042,67.67477332695853,252.24233694593633,3.077252832186668,12.67477332695853,47.24233694593634,0.5763370928376641,13,743.0666666666667,452,2851.076923076923,36.497398169746994,594,3746.769230769231,47.963394939888744,25,157.6923076923077,2.018661403193971,30.249715944053605,190.8059005701843,2.442557361353691,5.249715944053605,33.113592877876584,0.4238959581597205
8476341,Anton Forsberg,30,1676.5333333333333,1230,3362,44.01940512167966,825,2255,29.525210752346112,76,207.73333333333332,2.719898202640369,84.26270945067517,230.31807249851215,3.0156051576907767,8.262709450675175,22.58473916517881,0.2957069550504079,0,0,0,0,0,825,Inf,Inf,0,0,0,0,0,0,0,0,0
8476412,Jordan Binnington,56,3238.983333333333,2252,3297.5714285714284,41.71679384992205,1499,2194.964285714286,27.767972460494292,145,212.32142857142858,2.686028023196579,150.67271068895934,220.6278977945476,2.791111194769211,5.6727106889593415,8.306469223119036,0.10508317157263149,7,450.5,327,3830.5714285714284,43.55160932297448,1499,17559.714285714286,199.64483906770255,19,222.57142857142858,2.530521642619312,19.83068789052777,232.30234386046817,2.641157099737328,0.8306878905277699,9.73091528903959,0.11063545711801598
8476434,John Gibson,29,1562.15,1209,3418.551724137931,46.43600166437282,811,2293.1724137931033,31.14937746055116,72,203.58620689655174,2.765419453957686,82.89407559292158,234.39014477998515,3.1838456842014495,10.894075592921581,30.803937883433434,0.4184262302437633,0,0,0,0,0,811,Inf,Inf,0,0,0,0,0,0,0,0,0
8476883,Andrei Vasilevskiy,63,3743.0833333333335,2555,3325.5555555555557,40.955540218625465,1756,2285.5873015873017,28.147917269630653,136,177.015873015873,2.1800209274884788,166.88838656054577,217.21980472959928,2.6751483474762994,30.88838656054577,40.203931713726234,0.4951274199878209,5,293.35,182,2984.7999999999997,37.2251576614965,1756,28798.399999999998,359.16141128344975,16,262.40000000000003,3.2725413328788133,12.223997353808954,200.47355660246686,2.5002210370838154,-3.7760026461910456,-61.92644339753315,-0.7723202957949982
8476899,Matt Murray,2,118.65,117,4797,59.16561314791403,76,3116,38.43236409608091,7,287,3.5398230088495577,5.785981095978059,237.2252249351004,2.925907001758816,-1.2140189040219411,-49.774775064899586,-0.6139160070907413,1,13.616666666666667,8,656,35.250917992656056,76,6232,334.8837209302326,1,82,4.406364749082007,0.5189512269571424,42.55400061048567,2.2866883929568087,-0.48104877304285765,-39.44599938951433,-2.119676356125199
8476914,Joonas Korpisalo,27,1529.7,1141,3465.259259259259,44.75387330849186,744,2259.5555555555557,29.18219258678172,74,224.74074074074076,2.9025299078250635,80.25588448141934,243.74009361023653,3.1479068241388246,6.2558844814193435,18.999352869495784,0.24537691631376124,0,0,0,0,0,744,Inf,Inf,0,0,0,0,0,0,0,0,0
8476932,Anthony Stolarz,34,1986.9,1571,3788.882352941176,47.44073682621168,1011,2438.2941176470586,30.52997131209422,71,171.23529411764707,2.1440434848256076,101.4072622936801,244.57045612005203,3.062275775137554,30.407262293680105,73.33516200240496,0.9182322903119464,7,410.3,257,3010.5714285714284,37.58225688520594,1011,11843.142857142857,147.84304167682183,15,175.71428571428572,2.19351693882525,15.642706799437292,183.24313679340827,2.287502822242841,0.6427067994372919,7.528851079122562,0.09398588341759083
8476945,Connor Hellebuyck,63,3741.366666666667,2709,3526,43.44401778316301,1746,2272.5714285714284,28.00046328881603,125,162.6984126984127,2.0046150693596814,172.58436327881645,224.63361569623729,2.7677217229164883,47.584363278816454,61.93520299782459,0.7631066535568074,13,759.2333333333333,490,3090.769230769231,38.72327347763094,1746,11013.23076923077,137.9812969223339,39,246,3.0820564604645035,31.41537217632867,198.1585014199193,2.4826654044602714,-7.58462782367133,-47.84149858008069,-0.599391056004232
8476999,Linus Ullmark,44,2467.2833333333333,1888,3518.5454545454545,45.912846112796124,1315,2450.681818181818,31.97849186352061,112,208.72727272727272,2.7236434134709566,127.24966591224074,237.14710465463045,3.0944885216808413,15.249665912240744,28.419831927357748,0.37084510820988453,6,380.03333333333336,242,3307.3333333333335,38.207174809227254,1315,17971.666666666664,207.61336724848695,18,246,2.841855977545829,15.492971970583312,211.73728359797192,2.446044166919565,-2.507028029416688,-34.26271640202806,-0.39581181062626414
8477405,Marcus Hogberg,15,728.2166666666667,586,3203.466666666667,48.28233355457396,376,2055.4666666666667,30.979790813173732,41,224.13333333333333,3.3781154876067103,40.39110660506413,220.80471610768393,3.327946897174167,-0.608893394935869,-3.328617225649417,-0.05016859043254362,0,0,0,0,0,376,Inf,Inf,0,0,0,0,0,0,0,0,0
8477424,Juuse Saros,58,3357.8166666666666,2367,3346.448275862069,42.295340722394016,1628,2301.655172413793,29.090331515022164,167,236.10344827586206,2.984081918310013,163.16974572424078,230.6882611963404,2.9156400468919133,-3.8302542757592164,-5.415187079521651,-0.06844187141809994,0,0,0,0,0,1628,Inf,Inf,0,0,0,0,0,0,0,0,0
8477465,Tristan Jarry,36,2019.9,1546,3521.4444444444443,45.923065498292,1027,2339.277777777778,30.50646071587702,105,239.16666666666666,3.1189662854596762,102.4043110695784,233.25426410292857,3.041862797254668,-2.595688930421602,-5.912402563738094,-0.07710348820500822,0,0,0,0,0,1027,Inf,Inf,0,0,0,0,0,0,0,0,0
8477480,Eric Comrie,20,1179.55,879,3603.9,44.71196642787504,575,2357.5,29.248442202534864,47,192.70000000000002,2.390742232207198,53.3810624347534,218.86235598248894,2.7153268162309394,6.381062434753403,26.16235598248895,0.32458458402374146,3,42.983333333333334,20,546.6666666666667,27.91779759596743,575,15716.666666666666,802.6366808840636,1,27.333333333333332,1.3958898797983714,1.5963876345194876,43.63459534353266,2.228381343261014,0.5963876345194876,16.30126201019933,0.8324914634626426
8477484,Spencer Martin,9,415.98333333333335,330,3006.6666666666665,47.59806081974438,216,1968,31.155094354741774,27,246,3.8943867943427217,24.31729727704078,221.55759741303822,3.5074430144375497,-2.6827027229592204,-24.442402586961787,-0.3869437799051722,0,0,0,0,0,216,Inf,Inf,0,0,0,0,0,0,0,0,0
8477831,Pheonix Copley,1,27.483333333333334,12,984,26.19769557307459,12,984,26.19769557307459,2,164,4.366282595512431,1.2146438884083182,99.60079884948209,2.6517392348513917,-0.7853561115916818,-64.39920115051791,-1.7145433606610399,0,0,0,0,0,12,Inf,Inf,0,0,0,0,0,0,0,0,0
8477967,Thatcher Demko,23,1301.9666666666667,888,3165.913043478261,40.92270667451804,569,2028.608695652174,26.221869479505365,63,224.60869565217394,2.9033001356921577,66.77522570244037,238.06819598261347,3.077278124488406,3.775225702440366,13.459500330439568,0.1739779887962482,0,0,0,0,0,569,Inf,Inf,0,0,0,0,0,0,0,0,0
8477968,Alex Nedeljkovic,38,2150.85,1593,3437.5263157894733,44.43824534486366,1071,2311.105263157895,29.876560429597603,112,241.68421052631578,3.124346188716089,106.02962963457684,228.80077973777105,2.9577970467836487,-5.970370365423165,-12.883430788544723,-0.1665491419324406,0,0,0,0,0,1071,Inf,Inf,0,0,0,0,0,0,0,0,0
8477970,Vitek Vanecek,25,1393.6333333333334,1169,3834.3199999999997,50.32887655767897,777,2548.56,33.45212753234949,84,275.52,3.6164462197134584,78.52361843752442,257.5574684750801,3.380671941150086,-5.476381562475581,-17.962531524919907,-0.2357742785633726,0,0,0,0,0,777,Inf,Inf,0,0,0,0,0,0,0,0,0
8477990,Brandon Halverson,1,57.95,49,4018,50.73339085418464,35,2870,36.2381363244176,5,410,5.176876617773942,4.198045319877565,344.2397162299603,4.3465525313659,-0.8019546801224351,-65.76028377003968,-0.8303240864080432,0,0,0,0,0,35,Inf,Inf,0,0,0,0,0,0,0,0,0
8477992,Jonas Johansson,19,1110.25,947,4087.0526315789475,51.17766268858365,641,2766.4210526315787,34.64084665615852,58,250.31578947368422,3.134429182616528,68.56912341422867,295.92990105088165,3.7056045078619415,10.56912341422867,45.61411157719742,0.5711753252454134,0,0,0,0,0,641,Inf,Inf,0,0,0,0,0,0,0,0,0
8478007,Elvis Merzlikins,53,3170.9166666666665,2435,3767.3584905660377,46.0750045990907,1630,2521.8867924528304,30.842816220335866,168,259.9245283018868,3.178891487740138,165.7956955723348,256.51409503644254,3.137181698564586,-2.2043044276651926,-3.41043326544426,-0.04170978917555226,0,0,0,0,0,1630,Inf,Inf,0,0,0,0,0,0,0,0,0
8478009,Ilya Sorokin,61,3498.85,2583,3472.2295081967213,44.29455392486103,1695,2278.5245901639346,29.06669334209812,158,212.39344262295083,2.7094616802663736,172.22324340272462,231.51321244300686,2.9533688509548788,14.22324340272462,19.119769820056046,0.24390717068850543,0,0,0,0,0,1695,Inf,Inf,0,0,0,0,0,0,0,0,0
8478024,Ville Husso,13,639.7666666666667,627,3954.923076923077,58.802688480175064,430,2712.3076923076924,40.32720262595738,37,233.3846153846154,3.4700151096754026,39.23796779755503,247.50102764611634,3.679901111634401,2.2379677975550294,14.116412261500955,0.20988600195899823,0,0,0,0,0,430,Inf,Inf,0,0,0,0,0,0,0,0,0
8478039,Kaapo Kahkonen,1,58.266666666666666,113,9266,116.36155606407324,75,6150,77.23112128146454,4,328,4.118993135011442,7.624022386269644,625.1698356741108,7.850823967554553,3.624022386269644,297.1698356741108,3.7318308325431118,0,0,0,0,0,75,Inf,Inf,0,0,0,0,0,0,0,0,0
8478048,Igor Shesterkin,61,3505.133333333333,2717,3652.3606557377047,46.50892976016129,1825,2453.27868852459,31.23989577191548,167,224.49180327868854,2.858664435019115,199.18323111481732,267.7545074002462,3.409568975090545,32.18323111481732,43.262704121557704,0.5509045400714302,0,0,0,0,0,1825,Inf,Inf,0,0,0,0,0,0,0,0,0
8478406,Mackenzie Blackwood,56,3223.633333333333,2413,3533.3214285714284,44.912055754893544,1629,2385.3214285714284,30.319825455748692,137,200.60714285714286,2.5499177946209763,166.85727218468674,244.32671998471986,3.1056374270485283,29.857272184686735,43.719577127577004,0.555719632427552,7,420.75,275,3221.4285714285716,39.21568627450981,1629,19082.571428571428,232.2994652406417,19,222.57142857142858,2.7094474153297683,20.059432588750497,234.98192461107723,2.860525146345882,1.0594325887504965,12.410496039648674,0.15107773101611358
8478435,Dan Vladar,30,1781.0333333333333,1345,3676.3333333333335,45.3107746439333,896,2449.0666666666666,30.18472422376523,83,226.86666666666667,2.7961295876925383,88.35966264613671,241.51641123277366,2.9766875552216145,5.359662646136712,14.649744566107014,0.1805579675290764,0,0,0,0,0,896,Inf,Inf,0,0,0,0,0,0,0,0,0
8478470,Samuel Montembeault,62,3533.983333333333,2650,3504.8387096774195,44.99172322072827,1720,2274.8387096774195,29.202175071567027,166,219.54838709677418,2.818349454581469,202.16222089220537,267.3758405348523,3.432311957762201,36.16222089220537,47.82745343807807,0.6139625031807324,3,152.11666666666667,114,3116,44.965487016544316,1720,47013.333333333336,678.4266462145283,7,191.33333333333334,2.7610386764544756,8.7990605289815,240.50765445882766,3.4706494909974137,1.7990605289814994,49.174321125494316,0.7096108145429382
8478492,Ilya Samsonov,29,1745.3666666666666,1273,3599.5172413793102,43.76157827390615,808,2284.689655172414,27.776398464506027,82,231.86206896551724,2.818891923378087,84.21953608072363,238.1379985730806,2.8951923176658685,2.2195360807236284,6.275929607563363,0.07630039428778158,0,0,0,0,0,808,Inf,Inf,0,0,0,0,0,0,0,0,0
8478499,Adin Hill,50,2940.2166666666667,2096,3437.44,42.77235804617573,1338,2194.32,27.304110241308745,121,198.44,2.4692057841542288,135.63580331322737,222.4427174336929,2.7678736370200525,14.63580331322737,24.002717433692887,0.29866785286582354,11,676.5,465,3466.3636363636365,41.24168514412417,1338,9974.181818181818,118.66962305986696,33,246,2.926829268292683,28.5155312132556,212.57032358972356,2.5290936774506076,-4.484468786744401,-33.42967641027644,-0.3977355908420755
8478848,Ales Stezka,1,58.333333333333336,59,4838,60.68571428571428,37,3034,38.05714285714286,3,246,3.085714285714286,3.9376441022614017,322.88681638543494,4.050148219468871,0.9376441022614017,76.88681638543494,0.9644339337545845,0,0,0,0,0,37,Inf,Inf,0,0,0,0,0,0,0,0,0
8478872,Karel Vejmelka,58,3368.3333333333335,2318,3277.1724137931033,41.2904502721425,1569,2218.241379310345,27.948540326571003,145,205,2.5828797624938145,169.47306668316014,239.59985289688157,3.018817615335856,24.47306668316014,34.59985289688158,0.43593785284204106,0,0,0,0,0,1569,Inf,Inf,0,0,0,0,0,0,0,0,0
8478905,Ivan Fedotov,26,1429.0166666666667,1040,3280,43.66639064158338,687,2166.6923076923076,28.845009971892093,75,236.53846153846155,3.1490185558834165,66.55485096608754,209.90376073919919,2.794432809016867,-8.445149033912458,-26.63470079926237,-0.3545857468665498,0,0,0,0,0,687,Inf,Inf,0,0,0,0,0,0,0,0,0
8478916,Joey Daccord,57,3295.25,2614,3760.4912280701756,47.59578180714665,1666,2396.7017543859647,30.334572490706318,151,217.22807017543857,2.749412032470981,168.43735290382756,242.31338487919052,3.0669118198102283,17.43735290382756,25.08531470375193,0.317499787339247,0,0,0,0,0,1666,Inf,Inf,0,0,0,0,0,0,0,0,0
8478971,Connor Ingram,22,1210.1166666666666,902,3362,44.72296059608578,599,2232.6363636363635,29.69961573952925,66,246,3.272411750933106,63.11038764886325,235.22962669121756,3.129139002243692,-2.8896123511367477,-10.770373308782423,-0.14327274868941414,0,0,0,0,0,599,Inf,Inf,0,0,0,0,0,0,0,0,0
8479193,Casey DeSmith,27,1504.5,1192,3620.148148148148,47.53738783649053,797,2420.5185185185187,31.784646061814556,65,197.40740740740742,2.5922233300099697,83.74372087110532,254.33278190483838,3.3397296459064933,18.743720871105324,56.92537449743099,0.7475063158965234,2,70.1,48,1968,41.08416547788874,797,32677,682.1683309557775,4,164,3.4236804564907275,3.0428239308530465,124.7557811649749,2.6044142061509676,-0.9571760691469535,-39.244218835025094,-0.8192662503397606
8479292,Charlie Lindgren,39,2287,1585,3332.5641025641025,41.582859641451684,1027,2159.333333333333,26.943594228246614,104,218.66666666666666,2.7284652383034542,109.27579875657102,229.75937174458522,2.8668770989918064,5.275798756571021,11.092705077918557,0.1384118606883521,1,6.616666666666666,7,574,63.476070528967256,1027,84214,9312.846347607054,1,82,9.068010075566752,0.37292572669684887,30.579909589141607,3.381694247125078,-0.6270742733031511,-51.42009041085839,-5.686315828441673
8479312,Alex Lyon,30,1559.6333333333334,1179,3222.6,45.356814635918695,766,2093.7333333333336,29.468464810104937,73,199.5333333333333,2.808352390519139,81.02156687405659,221.45894945575466,3.116946726224152,8.021566874056589,21.925616122421342,0.30859433570501316,0,0,0,0,0,766,Inf,Inf,0,0,0,0,0,0,0,0,0
8479361,Joseph Woll,42,2442.3333333333335,1892,3693.9047619047624,46.48014194076703,1259,2458.047619047619,30.92943906100723,111,216.71428571428572,2.726900504981575,126.205062325811,246.40035977896434,3.1004382719593258,15.205062325811,29.686074064678614,0.37353776697775076,7,387.43333333333334,350,4100,54.20287361266454,1259,14748.285714285714,194.9754796524133,23,269.42857142857144,3.5619031231179554,20.0898012786638,235.33767212149021,3.1112141703170297,-2.910198721336201,-34.09089930708121,-0.45068895280092586
8479406,Filip Gustavsson,58,3423.5833333333335,2664,3766.344827586207,46.687924445634444,1751,2475.551724137931,30.687145534649368,146,206.41379310344826,2.5587225859844702,160.48444520449266,226.89180184083443,2.8125696893419345,14.484445204492658,20.478008737386173,0.2538471033574645,6,354.23333333333335,293,4004.3333333333335,49.628305260186316,1751,23930.333333333332,296.58417239107933,16,218.66666666666666,2.710078102945328,17.22911396389827,235.4645575066097,2.918265280419393,1.2291139638982713,16.797890839943044,0.20818717747406495
8479496,David Rittich,34,1860.4666666666667,1167,2814.529411764706,37.63571863690113,773,1864.2941176470588,24.929229225642313,88,212.23529411764707,2.8379976350019707,75.92290250124643,183.10817662065315,2.448511565238893,-12.077097498753574,-29.12711749699391,-0.3894860697630779,0,0,0,0,0,773,Inf,Inf,0,0,0,0,0,0,0,0,0
8479973,Stuart Skinner,51,2942.45,2059,3310.5490196078435,41.985420313004475,1400,2250.9803921568628,28.547638872368264,138,221.8823529411765,2.813981545990586,149.1477117674076,239.80612480249852,3.041296438697159,11.1477117674076,17.923771861322024,0.2273148927065731,15,881.4833333333333,635,3471.3333333333335,43.22259827185237,1400,7653.333333333333,95.29391744975325,44,240.5333333333333,2.9949516912779592,45.62246899760794,249.40283052025674,3.1053884246514127,1.622468997607939,8.869497186923399,0.11043673337345346
8479979,Jake Oettinger,58,3410.0666666666666,2528,3574.0689655172414,44.48006881585893,1673,2365.2758620689656,29.43637465543196,147,207.82758620689654,2.5864596977576193,171.73577536526136,242.7988548267488,3.0216847730979888,24.73577536526136,34.97126861985227,0.4352250753403692,18,1021.35,793,3612.5555555555557,46.58540167425466,1673,7621.444444444444,98.28168600381846,48,218.66666666666666,2.819797327067117,52.670577560784295,239.94374222135067,3.0941740379371003,4.670577560784295,21.27707555468401,0.27437671086998355
8480045,Ukko-Pekka Luukkonen,55,3172.2166666666667,2298,3426.109090909091,43.46487471957044,1508,2248.2909090909093,28.522641896045354,169,251.96363636363637,3.1965029711085307,156.29571951087564,233.02270908894187,2.9562114306985774,-12.704280489124358,-18.940927274694495,-0.24029154040995354,0,0,0,0,0,1508,Inf,Inf,0,0,0,0,0,0,0,0,0
8480051,Cayden Primeau,11,523.7,460,3429.0909090909095,52.70192858506778,289,2154.3636363636365,33.11055948061867,41,305.6363636363636,4.697345808669085,36.026922674966045,268.5643326679287,4.127583273817,-4.973077325033955,-37.07203096843494,-0.5697625348520857,0,0,0,0,0,289,Inf,Inf,0,0,0,0,0,0,0,0,0
8480191,Matt Villalta,1,60,72,5904,72,49,4018,49,3,246,3,4.894045075168833,401.3116961638443,4.894045075168833,1.8940450751688331,155.31169616384432,1.8940450751688334,0,0,0,0,0,49,Inf,Inf,0,0,0,0,0,0,0,0,0
8480193,Daniil Tarasov,20,1100.4166666666667,916,3755.6,49.94471790988262,612,2509.2000000000003,33.36917834153729,65,266.5,3.544112078758046,66.44961844652425,272.44343563074943,3.62315223638754,1.449618446524255,5.943435630749446,0.07904015762949364,0,0,0,0,0,612,Inf,Inf,0,0,0,0,0,0,0,0,0
8480280,Jeremy Swayman,58,3390.5833333333335,2447,3459.551724137931,43.30228328458722,1631,2305.8965517241377,28.862290166392214,176,248.82758620689654,3.114508319610686,166.4676887418027,235.35087029013485,2.9458238723449246,-9.532311258197296,-13.476715916761696,-0.16868444726576187,0,0,0,0,0,1631,Inf,Inf,0,0,0,0,0,0,0,0,0
8480313,Logan Thompson,43,2535.15,1897,3617.5348837209303,44.89675167149873,1226,2337.953488372093,29.016034554168392,105,200.2325581395349,2.4850600556180105,132.85983447148465,253.36061457352886,3.144425406105784,27.859834471484646,53.12805643399398,0.6593653504877733,10,596.5,479,3927.7999999999997,48.18105616093881,1226,10053.199999999999,123.31936295054484,24,196.79999999999998,2.4140821458507964,30.7419895271305,252.0843141224701,3.092237001890746,6.7419895271304995,55.2843141224701,0.6781548560399496
8480382,Alexandar Georgiev,49,2671.8,2005,3355.3061224489793,45.02582528632382,1372,2296,30.81068942286099,165,276.1224489795918,3.7053671682012124,153.5295229195035,256.92695672243445,3.447777294397114,-11.470477080496494,-19.195492257157397,-0.2575898738040982,0,0,0,0,0,1372,Inf,Inf,0,0,0,0,0,0,0,0,0
8480819,Jakub Skarek,2,76.15,110,4510,86.67104399212081,73,2993,57.518056467498354,5,205,3.939592908732764,6.704177595325746,274.87128140835557,5.282346102686076,1.7041775953257456,69.87128140835557,1.3427531939533124,0,0,0,0,0,73,Inf,Inf,0,0,0,0,0,0,0,0,0
8480843,Lukas Dostal,54,3057.65,2605,3955.740740740741,51.11768842084607,1703,2586.037037037037,33.41782087550897,158,239.92592592592592,3.100420257387209,184.8644324920024,280.72006415452216,3.627578679548066,26.864432492002408,40.79413822859625,0.5271584221608571,0,0,0,0,0,1703,Inf,Inf,0,0,0,0,0,0,0,0,0
8480885,Olivier Rodrigue,2,77.41666666666667,150,6150,116.254036598493,107,4387,82.92787944025834,4,164,3.10010764262648,12.03445915330667,493.4128252855735,9.32702969901055,8.03445915330667,329.4128252855735,6.226922056384072,0,0,0,0,0,107,Inf,Inf,0,0,0,0,0,0,0,0,0
8480947,Kevin Lankinen,51,3019.7833333333333,2162,3476.156862745098,42.95672426829739,1394,2241.333333333333,27.69735135522968,132,212.23529411764707,2.6227047194335134,138.1421672932338,222.11093564794456,2.7447432887328653,6.142167293233797,9.875641530297477,0.12203856929935188,0,0,0,0,0,1394,Inf,Inf,0,0,0,0,0,0,0,0,0
8480981,Joel Hofer,31,1678.8166666666666,1219,3224.451612903226,43.56640093716804,829,2192.8387096774195,29.628011794021585,74,195.74193548387098,2.6447199912636874,73.51722949265968,194.464929625745,2.6274660343453706,-0.48277050734031945,-1.2770058581260062,-0.01725395691831697,0,0,0,0,0,829,Inf,Inf,0,0,0,0,0,0,0,0,0
8481020,Justus Annunen,34,1789.8166666666666,1328,3202.823529411765,44.51852610602576,888,2141.6470588235293,29.768412034752163,95,229.1176470588235,3.1846837199340716,90.2065119787585,217.55688183112343,3.0239916855872635,-4.793488021241501,-11.560765227700092,-0.16069203434680837,0,0,0,0,0,888,Inf,Inf,0,0,0,0,0,0,0,0,0
8481033,Akira Schmid,5,238.1,203,3329.2000000000003,51.15497690046199,126,2066.4,31.75136497270055,5,82,1.25997480050399,12.756643954082392,209.20896084695121,3.214609984229078,7.756643954082392,127.20896084695123,1.9546351837250882,1,18.933333333333334,10,820,31.69014084507042,126,10332,399.29577464788736,0,0,0,0.884320036508143,72.51424299366772,2.8024226509060868,0.884320036508143,72.51424299366772,2.8024226509060868
8481035,Samuel Ersson,47,2601.7833333333333,1855,3236.3829787234044,42.778350746603294,1231,2147.7021276595747,28.388220899767468,136,237.27659574468086,3.136310351233449,121.32626882346813,211.6756179473274,2.797917888143935,-14.673731176531874,-25.60097779735348,-0.33839246308951393,0,0,0,0,0,1231,Inf,Inf,0,0,0,0,0,0,0,0,0
8481519,Spencer Knight,38,2202.85,1696,3659.7894736842104,46.194702317452396,1092,2356.4210526315787,29.74328710534081,100,215.78947368421055,2.723744240415825,114.82940294063884,247.78976424032592,3.1276592488995303,14.829402940638843,32.000290556115395,0.4039150084837055,0,0,0,0,0,1092,Inf,Inf,0,0,0,0,0,0,0,0,0
8481529,Trent Miner,2,91.63333333333334,73,2993,47.79919970898508,51,2091,33.393961440523825,4,164,2.61913423062932,4.052797930315137,166.1647151429206,2.653705447278009,0.05279793031513691,2.1647151429206133,0.03457121664868913,0,0,0,0,0,51,Inf,Inf,0,0,0,0,0,0,0,0,0
8481544,Mads Sogaard,2,91.55,113,4633,74.0578918623703,77,3157,50.464227198252324,8,328,5.243036592026216,10.743168100947514,440.4698921388481,7.040852933444575,2.743168100947514,112.46989213884808,1.79781634141836,0,0,0,0,0,77,Inf,Inf,0,0,0,0,0,0,0,0,0
8481611,Pyotr Kochetkov,47,2790.7,1780,3105.5319148936173,38.26996810835991,1212,2114.553191489362,26.0579782850181,121,211.1063829787234,2.60149783208514,126.822317473765,221.26446878401552,2.726677553454653,5.822317473764997,10.158085805292123,0.12517972136951297,4,199.96666666666667,124,2542,37.20620103350558,1212,24846,363.66061010168363,12,246,3.6006001000166696,7.624204760766588,156.29619759571506,2.2876427020136454,-4.375795239233412,-89.70380240428494,-1.312957398003024
8481668,Arturs Silovs,10,542.5166666666667,474,3886.7999999999997,52.42235261589506,310,2542,34.28466099351787,33,270.59999999999997,3.649657460600289,30.187122974486556,247.53440839078976,3.3385654114513104,-2.812877025513444,-23.06559160921024,-0.3110920491489785,0,0,0,0,0,310,Inf,Inf,0,0,0,0,0,0,0,0,0
8481692,Dustin Wolf,53,3182.366666666667,2350,3635.8490566037735,44.30664809209079,1612,2494.0377358490564,30.392475201893767,140,216.60377358490564,2.6395449927203023,165.35374065832002,255.830315735514,3.117561701301715,25.35374065832002,39.22654215060833,0.47801670858141254,0,0,0,0,0,1612,Inf,Inf,0,0,0,0,0,0,0,0,0
8481707,Erik Portillo,1,58.61666666666667,74,6068,75.7463747512084,45,3690,46.06198464600512,1,82,1.0235996588001137,5.370182492421009,440.3549643785227,5.496916966936489,4.370182492421009,358.3549643785227,4.473317308136375,0,0,0,0,0,45,Inf,Inf,0,0,0,0,0,0,0,0,0
8482076,Nico Daws,6,262.85,233,3184.3333333333335,53.18622788662735,137,1872.3333333333333,31.272588929046982,7,95.66666666666667,1.5978695073235685,15.294870772515424,209.0299005577108,3.4913153751224093,8.294870772515424,113.36323389104412,1.893445867798841,0,0,0,0,0,137,Inf,Inf,0,0,0,0,0,0,0,0,0
8482123,Drew Commesso,2,71.35,101,4141,84.9334267694464,68,2788,57.18290119131045,4,164,3.363700070077085,6.721812408766709,275.5943087594351,5.6525402176034,2.7218124087667093,111.59430875943508,2.2888401475263147,0,0,0,0,0,68,Inf,Inf,0,0,0,0,0,0,0,0,0
8482137,Yaroslav Askarov,13,716.8,545,3437.6923076923076,45.619419642857146,356,2245.5384615384614,29.799107142857146,37,233.3846153846154,3.0970982142857144,40.27923021046445,254.0689905583142,3.371587350206288,3.2792302104644477,20.684375173698825,0.2744891359205732,0,0,0,0,0,356,Inf,Inf,0,0,0,0,0,0,0,0,0
8482221,Devon Levi,9,480.6333333333333,392,3571.5555555555557,48.9354324155628,284,2587.5555555555557,35.45322144392815,33,300.66666666666663,4.119564463555031,26.932004464033525,245.3804851167499,3.3620645006769085,-6.067995535966475,-55.28618154991677,-0.7574999628781229,0,0,0,0,0,284,Inf,Inf,0,0,0,0,0,0,0,0,0
8482411,Hunter Shepard,1,60,84,6888,84,59,4838,59,7,574,7,7.039609030587599,577.2479405081831,7.039609030587599,0.03960903058759868,3.247940508183092,0.03960903058759868,0,0,0,0,0,59,Inf,Inf,0,0,0,0,0,0,0,0,0
8482446,Joel Blomqvist,15,772.45,700,3826.6666666666665,54.37245129134571,510,2788,39.614214512266166,49,267.8666666666667,3.8060715903942,50.00329781032633,273.35136136311723,3.8840026779980317,1.0032978103263304,5.484694696450606,0.07793108760383173,0,0,0,0,0,510,Inf,Inf,0,0,0,0,0,0,0,0,0
8482447,Leevi Meril√§inen,12,662.9833333333333,426,2911,38.55300535458407,295,2015.8333333333333,26.697503707986627,22,150.33333333333331,1.9910002765278163,26.300801093457267,179.72214080529133,2.380222829544387,4.300801093457267,29.38880747195799,0.38922255301657055,0,0,0,0,0,295,Inf,Inf,0,0,0,0,0,0,0,0,0
8482487,Jakub Dobes,16,874.7833333333333,733,3756.625,50.275306266313564,485,2485.625,33.26537999885686,40,205,2.743536494751081,52.267281285021454,267.86981658573495,3.584929842171914,12.267281285021454,62.86981658573495,0.8413933474208325,3,144.11666666666667,94,2569.333333333333,39.1349601017694,485,13256.666666666666,201.91974095061872,7,191.33333333333334,2.914305539493466,6.314998659887351,172.60996337025426,2.6291193680576455,-0.6850013401126489,-18.723369963079072,-0.28518617143582004
8482657,Sebastian Cossa,1,45,48,3936,64,34,2788,45.33333333333333,2,164,2.666666666666667,3.695128700695932,303.0005534570664,4.926838267594576,1.695128700695932,139.00055345706642,2.260171600927909,0,0,0,0,0,34,Inf,Inf,0,0,0,0,0,0,0,0,0
8482661,Jesper Wallstedt,2,117.43333333333334,168,6888,85.83593528242974,119,4879,60.800454158387744,8,328,4.087425489639511,9.99531981581822,409.80811244854704,5.106890624034287,1.9953198158182204,81.80811244854704,1.0194651343947763,0,0,0,0,0,119,Inf,Inf,0,0,0,0,0,0,0,0,0
8482668,Tristan Lennox,1,4.716666666666667,2,164,25.441696113074205,2,164,25.441696113074205,1,82,12.720848056537102,0.07646808307617903,6.27038281224668,0.9727388659867295,-0.923531916923821,-75.72961718775332,-11.748109190550373,0,0,0,0,0,2,Inf,Inf,0,0,0,0,0,0,0,0,0
8482783,Aleksei Kolosov,17,901.9166666666666,667,3217.2941176470586,44.37217037789892,427,2059.6470588235293,28.406172041023748,54,260.4705882352941,3.5923496257969143,44.91830532893073,216.6647668807247,2.9881899507373304,-9.081694671069272,-43.80582135456943,-0.6041596750595838,0,0,0,0,0,427,Inf,Inf,0,0,0,0,0,0,0,0,0
8482821,Arvid Soderblom,36,2096.5,1676,3817.5555555555557,47.965657047460056,1120,2551.111111111111,32.053422370617696,111,252.83333333333334,3.1767231099451467,119.55780901084654,272.32612052470597,3.421640133866345,8.55780901084654,19.492787191372678,0.2449170239211984,0,0,0,0,0,1120,Inf,Inf,0,0,0,0,0,0,0,0,0
8482982,Jet Greaves,11,660.1,578,4308.727272727273,52.537494319042565,377,2810.3636363636365,34.267535221936065,21,156.54545454545456,1.9088016967126191,39.5490851450013,294.8204528991006,3.5948267061052532,18.5490851450013,138.27499835364605,1.6860250093926343,0,0,0,0,0,377,Inf,Inf,0,0,0,0,0,0,0,0,0
8483530,Jaxson Stauber,6,313.18333333333334,254,3471.3333333333335,48.66159331594912,176,2405.333333333333,33.71826938427971,17,232.33333333333334,3.256878292799745,20.043928170925938,273.93368500265444,3.8400373271956454,3.0439281709259376,41.60035166932115,0.5831590343959009,0,0,0,0,0,176,Inf,Inf,0,0,0,0,0,0,0,0,0
8483532,Clay Stevenson,1,60,66,5412,66,52,4264,52,5,410,5,5.104362222948112,418.55770228174515,5.104362222948112,0.1043622229481116,8.55770228174515,0.1043622229481116,0,0,0,0,0,52,Inf,Inf,0,0,0,0,0,0,0,0,0
8483668,Nikke Kokko,1,29.95,10,820,20.033388981636058,6,492,12.020033388981636,2,164,4.006677796327212,0.6734714056365192,55.224655262194574,1.3491914637125593,-1.3265285943634808,-108.77534473780543,-2.6574863326146527,0,0,0,0,0,6,Inf,Inf,0,0,0,0,0,0,0,0,0
8483710,Dennis Hildeby,6,360.81666666666666,312,4264,51.882304032518824,195,2665,32.426440020324264,20,273.33333333333337,3.325788720033258,19.783684027846903,270.377015047241,3.289817659025768,-0.2163159721530974,-2.956318286092331,-0.035971061007489986,0,0,0,0,0,195,Inf,Inf,0,0,0,0,0,0,0,0,0
8484268,Nikita Tolopilo,2,83.65,58,2378,41.60191273161984,34,1394,24.387328153018526,3,123,2.1518230723251643,3.2702723145484924,134.0811648964882,2.345682473077221,0.27027231454849243,11.08116489648819,0.1938594007520567,0,0,0,0,0,34,Inf,Inf,0,0,0,0,0,0,0,0,0
8484293,Yaniv Perets,1,8.2,52,4264,380.4878048780488,38,3116,278.0487804878049,1,82,7.317073170731708,5.403516499558464,443.088352963794,39.53792560652535,4.403516499558464,361.088352963794,32.22085243579364,0,0,0,0,0,38,Inf,Inf,0,0,0,0,0,0,0,0,0
8484312,Georgi Romanov,8,416.93333333333334,401,4110.25,57.707067476814835,271,2777.75,38.99904061400703,27,276.75,3.8855132715062357,25.73225917003583,263.7556564928673,3.7030753522597135,-1.2677408299641684,-12.994343507132726,-0.18243791924652247,0,0,0,0,0,271,Inf,Inf,0,0,0,0,0,0,0,0,0
8484910,Victor Ostman,1,20,15,1230,45,12,984,36,0,0,0,1.315812817774713,107.89665105752647,3.947438453324139,1.315812817774713,107.89665105752647,3.947438453324139,0,0,0,0,0,12,Inf,Inf,0,0,0,0,0,0,0,0,0
