playerId,FenwickA_2,FenwickA_3,SOGA_2,SOGA_3,GA_2,GA_3,xGA_2,xGA_3,GSaX_2,GSaX_3,d_2,d_3,a_2,a_3,CorsiA_2,CorsiA_3,gamesPlayed_2,minsPlayed_2,gamesPlayed_3,minsPlayed_3,FenwickA_2_per82,SOGA_2_per82,GA_2_per82,xGA_2_per82,GSaX_2_per82,CorsiA_2_per82,FenwickA_3_per82,SOGA_3_per82,GA_3_per82,xGA_3_per82,GSaX_3_per82,CorsiA_3_per82,FenwickA_2_per60,SOGA_2_per60,GA_2_per60,xGA_2_per60,GSaX_2_per60,CorsiA_2_per60,FenwickA_3_per60,SOGA_3_per60,GA_3_per60,xGA_3_per60,GSaX_3_per60,CorsiA_3_per60,FenwickA_2_pct,SOGA_2_pct,GA_2_pct,xGA_2_pct,GSaX_2_pct,CorsiA_2_pct,FenwickA_2_per82_pct,SOGA_2_per82_pct,GA_2_per82_pct,xGA_2_per82_pct,GSaX_2_per82_pct,CorsiA_2_per82_pct,FenwickA_2_per60_pct,SOGA_2_per60_pct,GA_2_per60_pct,xGA_2_per60_pct,GSaX_2_per60_pct,CorsiA_2_per60_pct,FenwickA_3_pct,SOGA_3_pct,GA_3_pct,xGA_3_pct,GSaX_3_pct,CorsiA_3_pct,FenwickA_3_per82_pct,SOGA_3_per82_pct,GA_3_per82_pct,xGA_3_per82_pct,GSaX_3_per82_pct,CorsiA_3_per82_pct,FenwickA_3_per60_pct,SOGA_3_per60_pct,GA_3_per60_pct,xGA_3_per60_pct,GSaX_3_per60_pct,CorsiA_3_per60_pct
8466141,1582,0,1218,0,104,0,683.855955157429,0,579.855955157429,0,NA,NA,NA,NA,2022,0,40,2327.1666666666665,0,0,3243.1,2496.9,213.20000000000002,1401.9047080727294,1188.7047080727295,4145.0999999999995,0,0,0,0,0,0,40.78779631884266,31.4029936260116,2.6813721979517298,17.6314648611813,14.950092663229567,52.1320633101769,0,0,0,0,0,0,34.04255319148936,36.17021276595745,38.297872340425535,36.17021276595745,36.17021276595745,31.914893617021278,53.191489361702125,80.85106382978722,78.72340425531915,87.2340425531915,85.1063829787234,27.659574468085108,36.17021276595745,76.59574468085107,65.95744680851064,80.85106382978722,82.97872340425532,6.382978723404255,NA,NA,NA,NA,NA,NA,NA,NA,NA,NA,NA,NA,NA,NA,NA,NA,NA,NA
8467950,1739,821,1247,590,92,46,683.8856349512935,339.6754941493273,591.8856349512935,293.6754941493273,NA,NA,NA,NA,2435,1116,40,2421.3166666666666,19,1178.1333333333334,3564.9500000000003,2556.35,188.6,1401.9655516501516,1213.3655516501515,4991.75,3543.2631578947367,2546.315789473684,198.52631578947367,1465.9679221181493,1267.4416063286756,4816.421052631579,43.092256967627804,30.900543092945295,2.2797513749406315,16.94662191937346,14.666870544432825,60.33907171717867,41.81190583974649,30.047532820280665,2.3426889995473066,17.29900094694401,14.956311947396703,56.83567224988682,40.42553191489361,40.42553191489361,27.659574468085108,38.297872340425535,40.42553191489361,40.42553191489361,89.36170212765957,89.36170212765957,34.04255319148936,89.36170212765957,91.48936170212765,95.74468085106383,76.59574468085107,61.702127659574465,19.148936170212767,57.446808510638306,65.95744680851064,85.1063829787234,93.33333333333333,93.33333333333333,100,100,93.33333333333333,93.33333333333333,53.333333333333336,60,53.333333333333336,73.33333333333333,80,33.33333333333333,53.333333333333336,60,53.333333333333336,73.33333333333333,73.33333333333333,46.666666666666664
8468011,2315,0,1737,0,150,0,981.4611112475395,0,831.4611112475395,0,NA,NA,NA,NA,3008,0,54,3211.85,0,0,3515.3703703703704,2637.6666666666665,227.77777777777777,1490.3668726351525,1262.5890948573747,4567.7037037037035,0,0,0,0,0,0,43.2461042701247,32.448588819527686,2.8021233868331334,18.334500887293107,15.532377500459976,56.19191431729378,0,0,0,0,0,0,74.46808510638297,80.85106382978722,82.97872340425532,82.97872340425532,82.97872340425532,61.702127659574465,87.2340425531915,93.61702127659575,91.48936170212765,100,97.87234042553192,82.97872340425532,78.72340425531915,87.2340425531915,74.46808510638297,93.61702127659575,93.61702127659575,57.446808510638306,NA,NA,NA,NA,NA,NA,NA,NA,NA,NA,NA,NA,NA,NA,NA,NA,NA,NA
8468038,131,0,92,0,12,0,52.93273315578699,0,40.93273315578699,0,NA,NA,NA,NA,189,0,4,210.28333333333333,0,0,2685.5,1886,246,1085.1210296936333,839.1210296936333,3874.5,0,0,0,0,0,0,37.37814060394706,26.250297218039155,3.4239518110485854,15.103260629375697,11.679308818327112,53.92724102401522,0,0,0,0,0,0,NA,NA,NA,NA,NA,NA,NA,NA,NA,NA,NA,NA,NA,NA,NA,NA,NA,NA,NA,NA,NA,NA,NA,NA,NA,NA,NA,NA,NA,NA,NA,NA,NA,NA,NA,NA
8468685,2306,549,1650,395,148,29,902.1561447829008,210.6107191517949,754.1561447829008,181.6107191517949,NA,NA,NA,NA,3142,799,57,3240.4333333333334,12,774.5666666666667,3317.40350877193,2373.684210526316,212.91228070175438,1297.838664424524,1084.9263837227695,4520.070175438596,3751.5,2699.1666666666665,198.16666666666666,1439.1732475372653,1241.0065808705986,5459.833333333333,42.697993066770906,30.551469453673896,2.7403742297840825,16.70436115138121,13.963986921597126,58.17740425663234,42.52700434651633,30.597753582648362,2.2464173516374744,16.314468067015138,14.068050715377666,61.89267117097732,72.3404255319149,70.2127659574468,80.85106382978722,70.2127659574468,70.2127659574468,76.59574468085107,70.2127659574468,61.702127659574465,76.59574468085107,55.319148936170215,53.191489361702125,76.59574468085107,72.3404255319149,53.191489361702125,72.3404255319149,53.191489361702125,46.808510638297875,74.46808510638297,66.66666666666666,66.66666666666666,60,66.66666666666666,66.66666666666666,66.66666666666666,86.66666666666667,80,46.666666666666664,60,66.66666666666666,93.33333333333333,60,66.66666666666666,46.666666666666664,46.666666666666664,66.66666666666666,80
8469514,2029,0,1414,0,120,0,771.4517591968179,0,651.4517591968179,0,NA,NA,NA,NA,2777,0,60,3308.266666666667,0,0,2772.966666666667,1932.4666666666667,164,1054.317404235651,890.3174042356511,3795.233333333333,0,0,0,0,0,0,36.79872642269869,25.64484926648396,2.1763662743833625,13.991346591913913,11.81498031753055,50.36474286635499,0,0,0,0,0,0,55.319148936170215,44.680851063829785,46.808510638297875,44.680851063829785,46.808510638297875,55.319148936170215,6.382978723404255,4.25531914893617,4.25531914893617,4.25531914893617,4.25531914893617,6.382978723404255,2.127659574468085,0,6.382978723404255,0,2.127659574468085,0,NA,NA,NA,NA,NA,NA,NA,NA,NA,NA,NA,NA,NA,NA,NA,NA,NA,NA
8469608,2658,0,1819,0,156,0,997.2473782524467,0,841.2473782524467,0,NA,NA,NA,NA,3439,0,55,3202.133333333333,0,0,3962.836363636364,2711.9636363636364,232.5818181818182,1486.8051821218296,1254.2233639400115,5127.236363636363,0,0,0,0,0,0,49.804297135243175,34.08352764823451,2.9230512991339106,18.685931054863467,15.762879755729555,64.4382911392405,0,0,0,0,0,0,95.74468085106383,89.36170212765957,91.48936170212765,85.1063829787234,87.2340425531915,89.36170212765957,100,100,97.87234042553192,97.87234042553192,95.74468085106383,100,100,97.87234042553192,89.36170212765957,97.87234042553192,95.74468085106383,100,NA,NA,NA,NA,NA,NA,NA,NA,NA,NA,NA,NA,NA,NA,NA,NA,NA,NA
8470140,2214,0,1547,0,151,0,835.9698693305254,0,684.9698693305254,0,NA,NA,NA,NA,3076,0,59,3177.15,0,0,3077.0847457627115,2150.0677966101694,209.864406779661,1161.8564285610692,951.9920217814081,4275.118644067797,0,0,0,0,0,0,41.811057079458,29.214862376658324,2.8516122940371083,15.787165277003453,12.935552982966346,58.08979745998772,0,0,0,0,0,0,63.829787234042556,59.57446808510638,85.1063829787234,57.446808510638306,51.06382978723404,70.2127659574468,27.659574468085108,19.148936170212767,68.08510638297872,17.02127659574468,14.893617021276595,51.06382978723404,51.06382978723404,34.04255319148936,82.97872340425532,23.404255319148938,17.02127659574468,72.3404255319149,NA,NA,NA,NA,NA,NA,NA,NA,NA,NA,NA,NA,NA,NA,NA,NA,NA,NA
8470147,856,0,616,0,51,0,339.6749575212598,0,288.6749575212598,0,NA,NA,NA,NA,1111,0,21,1134.65,0,0,3342.4761904761904,2405.333333333333,199.14285714285714,1326.3498341306333,1127.2069769877764,4338.190476190476,0,0,0,0,0,0,45.26505971004274,32.57392147358216,2.6968668752478737,17.961924339025767,15.265057463777893,58.74939408628211,0,0,0,0,0,0,NA,NA,NA,NA,NA,NA,NA,NA,NA,NA,NA,NA,NA,NA,NA,NA,NA,NA,NA,NA,NA,NA,NA,NA,NA,NA,NA,NA,NA,NA,NA,NA,NA,NA,NA,NA
8470320,2388,0,1711,0,162,0,955.7423521503806,0,793.7423521503806,0,NA,NA,NA,NA,3152,0,61,3617.9166666666665,0,0,3210.098360655738,2300.032786885246,217.77049180327867,1284.7684078087084,1066.9979160054297,4237.11475409836,0,0,0,0,0,0,39.60290222273408,28.37544627432915,2.6866290452608546,15.85015532761198,13.163526282351125,52.27317747322354,0,0,0,0,0,0,76.59574468085107,76.59574468085107,93.61702127659575,78.72340425531915,76.59574468085107,78.72340425531915,48.93617021276596,44.680851063829785,85.1063829787234,53.191489361702125,48.93617021276596,44.680851063829785,21.27659574468085,17.02127659574468,68.08510638297872,25.53191489361702,23.404255319148938,10.638297872340425,NA,NA,NA,NA,NA,NA,NA,NA,NA,NA,NA,NA,NA,NA,NA,NA,NA,NA
8470594,1548,660,1181,490,107,37,639.0820498466492,275.17661410570145,532.0820498466492,238.17661410570145,NA,NA,NA,NA,2091,934,38,2125.25,15,866.5166666666667,3340.4210526315787,2548.4736842105262,230.89473684210526,1379.0717917743482,1148.177054932243,4512.1578947368425,3608,2678.6666666666665,202.26666666666668,1504.2988237778345,1302.0321571111679,5105.866666666667,43.703093753676036,33.34195976943889,3.020821079872956,18.042546990141844,15.021725910268886,59.03305493471356,45.70021734530977,33.92894924121482,2.561981881479487,19.053986474207562,16.492004592728073,64.67273181896867,31.914893617021278,34.04255319148936,40.42553191489361,34.04255319148936,34.04255319148936,36.17021276595745,78.72340425531915,85.1063829787234,95.74468085106383,78.72340425531915,70.2127659574468,74.46808510638297,82.97872340425532,93.61702127659575,93.61702127659575,91.48936170212765,87.2340425531915,80.85106382978722,80,86.66666666666667,80,86.66666666666667,86.66666666666667,86.66666666666667,66.66666666666666,73.33333333333333,60,86.66666666666667,100,73.33333333333333,93.33333333333333,100,73.33333333333333,100,100,100
8470645,2270,159,1691,123,138,12,925.5253843292594,71.24615108966827,787.5253843292594,59.246151089668274,NA,NA,NA,NA,3065,239,55,3246.866666666667,4,253.78333333333333,3384.3636363636365,2521.1272727272726,205.74545454545455,1379.874209363623,1174.1287548181685,4569.636363636364,3259.5,2521.5,246,1460.5460973381996,1214.5460973381996,4899.5,41.948134611830895,31.248588382645835,2.5501509147280452,17.103111633704977,14.55296071897693,56.63922140319898,37.59112103500361,29.079923819531096,2.8370657384908387,16.8441678546533,14.00710211616246,56.50489262494254,68.08510638297872,74.46808510638297,61.702127659574465,72.3404255319149,74.46808510638297,68.08510638297872,85.1063829787234,82.97872340425532,63.829787234042556,80.85106382978722,82.97872340425532,85.1063829787234,57.446808510638306,72.3404255319149,44.680851063829785,61.702127659574465,63.829787234042556,63.829787234042556,0,0,13.333333333333334,0,0,0,20,53.333333333333336,86.66666666666667,66.66666666666666,53.333333333333336,46.666666666666664,13.333333333333334,46.666666666666664,93.33333333333333,60,60,40
8470657,957,0,675,0,49,0,382.6482234299183,0,333.6482234299183,0,NA,NA,NA,NA,1275,0,26,1396.7166666666667,0,0,3018.230769230769,2128.846153846154,154.53846153846155,1206.8136277405115,1052.27516620205,4021.153846153846,0,0,0,0,0,0,41.1107000942687,28.996575301600178,2.1049365774494944,16.437760036606157,14.332823459156662,54.771308903022565,0,0,0,0,0,0,8.51063829787234,4.25531914893617,0,8.51063829787234,8.51063829787234,6.382978723404255,21.27659574468085,14.893617021276595,0,27.659574468085108,40.42553191489361,19.148936170212767,44.680851063829785,27.659574468085108,4.25531914893617,44.680851063829785,57.446808510638306,40.42553191489361,NA,NA,NA,NA,NA,NA,NA,NA,NA,NA,NA,NA,NA,NA,NA,NA,NA,NA
8470860,1228,0,885,0,75,0,481.7186617255211,0,406.7186617255211,0,NA,NA,NA,NA,1720,0,28,1605.4833333333333,0,0,3596.285714285714,2591.785714285714,219.64285714285714,1410.747509339026,1191.104652196169,5037.142857142857,0,0,0,0,0,0,45.89272181793645,33.07415212449003,2.8028942478381382,18.00275288035665,15.199858632518513,64.27970808375463,0,0,0,0,0,0,19.148936170212767,21.27659574468085,19.148936170212767,19.148936170212767,21.27659574468085,21.27659574468085,93.61702127659575,91.48936170212765,87.2340425531915,91.48936170212765,87.2340425531915,97.87234042553192,91.48936170212765,89.36170212765957,76.59574468085107,89.36170212765957,91.48936170212765,97.87234042553192,NA,NA,NA,NA,NA,NA,NA,NA,NA,NA,NA,NA,NA,NA,NA,NA,NA,NA
8470880,1851,151,1340,100,121,12,723.5682767182589,49.44527330994606,602.5682767182589,37.44527330994606,NA,NA,NA,NA,2483,203,49,2844.4166666666665,4,185.33333333333334,3097.591836734694,2242.4489795918366,202.48979591836735,1210.869361038719,1008.3795651203515,4155.224489795919,3095.5,2050,246,1013.6281028538942,767.6281028538942,4161.5,39.0449125479741,28.26590103418979,2.5523686754753467,15.262917388953401,12.710548713478055,52.37629273723377,48.88489208633093,32.37410071942446,3.884892086330935,16.007462582356638,12.122570496025702,65.71942446043164,42.5531914893617,42.5531914893617,48.93617021276596,42.5531914893617,42.5531914893617,42.5531914893617,29.78723404255319,36.17021276595745,57.446808510638306,31.914893617021278,27.659574468085108,29.78723404255319,10.638297872340425,14.893617021276595,46.808510638297875,12.76595744680851,10.638297872340425,12.76595744680851,NA,NA,NA,NA,NA,NA,NA,NA,NA,NA,NA,NA,NA,NA,NA,NA,NA,NA
8471219,770,0,569,0,50,0,307.6897952109575,0,257.6897952109575,0,NA,NA,NA,NA,1000,0,19,1124.8833333333334,0,0,3323.157894736842,2455.684210526316,215.78947368421055,1327.924379331501,1112.1349056472905,4315.78947368421,0,0,0,0,0,0,41.070925873794316,30.349814054790865,2.6669432385580722,16.411824378223624,13.74488113966555,53.33886477116145,0,0,0,0,0,0,NA,NA,NA,NA,NA,NA,NA,NA,NA,NA,NA,NA,NA,NA,NA,NA,NA,NA,NA,NA,NA,NA,NA,NA,NA,NA,NA,NA,NA,NA,NA,NA,NA,NA,NA,NA
8471227,2567,184,1842,133,141,10,1007.6622356921434,78.34101087599993,866.6622356921434,68.34101087599993,NA,NA,NA,NA,3450,246,65,3758,5,322.25,3238.369230769231,2323.753846153846,177.87692307692308,1271.2046665654732,1093.3277434885501,4352.307692307692,3017.6,2181.2000000000003,164,1284.7925783663989,1120.7925783663989,4034.4,40.984566258648215,29.40926024481107,2.2511974454497072,16.088274119619108,13.837076674169401,55.082490686535394,34.25911559348332,24.763382467028705,1.8619084561675718,14.586379061473997,12.724470605306426,45.802948021722266,93.61702127659575,91.48936170212765,70.2127659574468,89.36170212765957,89.36170212765957,91.48936170212765,51.06382978723404,48.93617021276596,21.27659574468085,46.808510638297875,55.319148936170215,59.57446808510638,42.5531914893617,40.42553191489361,14.893617021276595,31.914893617021278,40.42553191489361,44.680851063829785,6.666666666666667,6.666666666666667,0,6.666666666666667,6.666666666666667,6.666666666666667,0,0,20,26.666666666666668,13.333333333333334,0,0,0,20,0,6.666666666666667,0
8471239,2447,0,1781,0,163,0,1001.8420696035028,0,838.8420696035028,0,NA,NA,NA,NA,3137,0,60,3472.8333333333335,0,0,3344.233333333333,2434.0333333333333,222.76666666666668,1369.1841617914538,1146.4174951247871,4287.233333333334,0,0,0,0,0,0,42.27671929740365,30.77026443345971,2.8161443585928874,17.308784616655995,14.492640258063108,54.19782118347171,0,0,0,0,0,0,85.1063829787234,85.1063829787234,95.74468085106383,87.2340425531915,85.1063829787234,74.46808510638297,80.85106382978722,76.59574468085107,89.36170212765957,76.59574468085107,65.95744680851064,55.319148936170215,65.95744680851064,59.57446808510638,80.85106382978722,70.2127659574468,61.702127659574465,27.659574468085108,NA,NA,NA,NA,NA,NA,NA,NA,NA,NA,NA,NA,NA,NA,NA,NA,NA,NA
8471251,92,0,70,0,7,0,33.64401990175247,0,26.644019901752472,0,NA,NA,NA,NA,118,0,3,132.91666666666666,0,0,2514.666666666667,1913.3333333333333,191.33333333333334,919.6032106479009,728.2698773145676,3225.3333333333335,0,0,0,0,0,0,41.529780564263326,31.598746081504707,3.1598746081504707,15.18726917195096,12.02739456380049,53.26645768025079,0,0,0,0,0,0,NA,NA,NA,NA,NA,NA,NA,NA,NA,NA,NA,NA,NA,NA,NA,NA,NA,NA,NA,NA,NA,NA,NA,NA,NA,NA,NA,NA,NA,NA,NA,NA,NA,NA,NA,NA
8471306,2086,0,1453,0,126,0,785.680404111743,0,659.680404111743,0,NA,NA,NA,NA,2864,0,51,2813.2833333333333,0,0,3353.960784313725,2336.1960784313724,202.58823529411765,1263.2508458267241,1060.6626105326063,4604.862745098039,0,0,0,0,0,0,44.48894233902261,30.988702405848443,2.6872515506792185,16.756514954663146,14.069263403983925,61.081654294803826,0,0,0,0,0,0,57.446808510638306,51.06382978723404,53.191489361702125,46.808510638297875,48.93617021276596,57.446808510638306,82.97872340425532,53.191489361702125,59.57446808510638,44.680851063829785,42.5531914893617,87.2340425531915,85.1063829787234,63.829787234042556,70.2127659574468,55.319148936170215,51.06382978723404,91.48936170212765,NA,NA,NA,NA,NA,NA,NA,NA,NA,NA,NA,NA,NA,NA,NA,NA,NA,NA
8471418,562,0,406,0,39,0,227.3699504074757,0,188.3699504074757,0,NA,NA,NA,NA,737,0,16,884.7833333333333,0,0,2880.25,2080.75,199.875,1165.270995838313,965.395995838313,3777.125,0,0,0,0,0,0,38.111025298095576,27.53216418332172,2.644715278693466,15.418686711754528,12.77397143306106,49.97833744607908,0,0,0,0,0,0,NA,NA,NA,NA,NA,NA,NA,NA,NA,NA,NA,NA,NA,NA,NA,NA,NA,NA,NA,NA,NA,NA,NA,NA,NA,NA,NA,NA,NA,NA,NA,NA,NA,NA,NA,NA
8471469,2431,823,1757,599,144,42,973.1087504401803,338.2033701390028,829.1087504401803,296.2033701390028,NA,NA,NA,NA,3235,1135,61,3567.7833333333333,22,1288.7333333333333,3267.901639344262,2361.868852459016,193.5737704918033,1308.113402231062,1114.5396317392588,4348.688524590164,3067.5454545454545,2232.6363636363635,156.54545454545456,1260.5761977908287,1104.0307432453742,4230.454545454546,40.88252743299995,29.547758412085937,2.421671719601807,16.364930146097482,13.943258426495673,54.40352786744337,38.31669339403032,27.88784853344369,1.9554084113599914,15.745850350478637,13.790441939118644,52.842584449847394,82.97872340425532,82.97872340425532,74.46808510638297,80.85106382978722,80.85106382978722,80.85106382978722,65.95744680851064,57.446808510638306,42.5531914893617,63.829787234042556,61.702127659574465,57.446808510638306,40.42553191489361,42.5531914893617,31.914893617021278,42.5531914893617,44.680851063829785,31.914893617021278,100,100,93.33333333333333,93.33333333333333,100,100,13.333333333333334,6.666666666666667,13.333333333333334,6.666666666666667,6.666666666666667,6.666666666666667,26.666666666666668,40,26.666666666666668,40,40,13.333333333333334
8471679,2408,246,1794,179,138,12,1010.8046153709292,98.60700236260891,872.8046153709292,86.60700236260891,NA,NA,NA,NA,3384,358,62,3708.133333333333,6,387.46666666666664,3184.774193548387,2372.7096774193546,182.51612903225805,1336.8706203292934,1154.3544912970353,4475.612903225806,3362,2446.333333333333,164,1347.6290322889884,1183.6290322889886,4892.666666666666,38.963000251698965,29.028082413433534,2.2329294164179645,16.355473622556477,14.122544206138514,54.755312646075296,38.09359944941501,27.718513420509293,1.8582243633860978,15.269494515889198,13.411270152503102,55.437026841018586,78.72340425531915,87.2340425531915,61.702127659574465,91.48936170212765,91.48936170212765,87.2340425531915,46.808510638297875,59.57446808510638,23.404255319148938,68.08510638297872,76.59574468085107,68.08510638297872,8.51063829787234,31.914893617021278,10.638297872340425,40.42553191489361,53.191489361702125,38.297872340425535,26.666666666666668,26.666666666666668,13.333333333333334,26.666666666666668,26.666666666666668,20,40,40,20,40,46.666666666666664,40,20,26.666666666666668,13.333333333333334,20,26.666666666666668,33.33333333333333
8471695,2295,265,1612,187,137,15,885.1369195953012,104.15724132955074,748.1369195953012,89.15724132955074,NA,NA,NA,NA,3128,364,65,3679.5833333333335,6,402.35,2895.230769230769,2033.6000000000001,172.83076923076925,1116.634267797149,943.80349856638,3946.0923076923077,3621.6666666666665,2555.666666666667,205,1423.4822981705267,1218.482298170527,4974.666666666666,37.422715434265655,26.285584871475482,2.233948590193636,14.433214406264677,12.199265816071042,51.00577511040652,39.51783273269541,27.886168758543555,2.236858456567665,15.532333738717643,13.29547528214998,54.281098546041996,70.2127659574468,65.95744680851064,59.57446808510638,68.08510638297872,68.08510638297872,72.3404255319149,10.638297872340425,10.638297872340425,17.02127659574468,12.76595744680851,12.76595744680851,14.893617021276595,4.25531914893617,4.25531914893617,12.76595744680851,4.25531914893617,4.25531914893617,2.127659574468085,33.33333333333333,33.33333333333333,26.666666666666668,33.33333333333333,33.33333333333333,26.666666666666668,73.33333333333333,66.66666666666666,66.66666666666666,46.666666666666664,60,53.333333333333336,46.666666666666664,33.33333333333333,40,33.33333333333333,20,26.666666666666668
8471715,295,0,233,0,26,0,120.67294920235872,0,94.67294920235872,0,NA,NA,NA,NA,402,0,8,439.5,0,0,3023.75,2388.25,266.5,1236.897729324177,970.3977293241769,4120.5,0,0,0,0,0,0,40.27303754266212,31.80887372013652,3.5494880546075085,16.47412275800119,12.924634703393682,54.88054607508532,0,0,0,0,0,0,NA,NA,NA,NA,NA,NA,NA,NA,NA,NA,NA,NA,NA,NA,NA,NA,NA,NA,NA,NA,NA,NA,NA,NA,NA,NA,NA,NA,NA,NA,NA,NA,NA,NA,NA,NA
8471734,633,0,421,0,35,0,240.2557017803192,0,205.2557017803192,0,NA,NA,NA,NA,835,0,17,930.95,0,0,3053.2941176470586,2030.7058823529412,168.8235294117647,1158.8804438815398,990.056914469775,4027.6470588235293,0,0,0,0,0,0,40.797035286535255,27.133573231645094,2.2557602449111123,15.484550305407543,13.228790060496431,53.81599441430796,0,0,0,0,0,0,NA,NA,NA,NA,NA,NA,NA,NA,NA,NA,NA,NA,NA,NA,NA,NA,NA,NA,NA,NA,NA,NA,NA,NA,NA,NA,NA,NA,NA,NA,NA,NA,NA,NA,NA,NA
8471750,1463,0,1040,0,94,0,567.6176127046347,0,473.61761270463467,0,NA,NA,NA,NA,1928,0,39,2222.616666666667,0,0,3076.0512820512818,2186.666666666667,197.64102564102564,1193.4524164558986,995.8113908148729,4053.74358974359,0,0,0,0,0,0,39.49398981680752,28.075016684538493,2.5375495849486716,15.322955718385122,12.785406133436451,52.04676169979828,0,0,0,0,0,0,27.659574468085108,29.78723404255319,29.78723404255319,29.78723404255319,29.78723404255319,27.659574468085108,25.53191489361702,27.659574468085108,48.93617021276596,23.404255319148938,23.404255319148938,23.404255319148938,17.02127659574468,12.76595744680851,42.5531914893617,14.893617021276595,12.76595744680851,4.25531914893617,NA,NA,NA,NA,NA,NA,NA,NA,NA,NA,NA,NA,NA,NA,NA,NA,NA,NA
8471774,76,0,54,0,3,0,32.47392092645168,0,29.473920926451683,0,NA,NA,NA,NA,100,0,2,118.91666666666667,0,0,3116,2214,123,1331.430757984519,1208.430757984519,4100,0,0,0,0,0,0,38.34618079887877,27.245970567624386,1.513665031534688,16.384879514397486,14.871214482862797,50.45550105115627,0,0,0,0,0,0,NA,NA,NA,NA,NA,NA,NA,NA,NA,NA,NA,NA,NA,NA,NA,NA,NA,NA,NA,NA,NA,NA,NA,NA,NA,NA,NA,NA,NA,NA,NA,NA,NA,NA,NA,NA
8473434,1392,29,969,21,87,1,545.0200513899326,12.955111399292946,458.02005138993263,11.955111399292946,NA,NA,NA,NA,1851,38,36,2013.2,1,51.833333333333336,3170.6666666666665,2207.166666666667,198.16666666666666,1241.434561499291,1043.2678948326243,4216.166666666666,2378,1722,82,1062.3191347420216,980.3191347420216,3116,41.48619113848599,28.87939598648917,2.5928869461553745,16.2433951338148,13.650508187659426,55.16590502682297,33.569131832797424,24.308681672025724,1.157556270096463,14.996270430049712,13.838714159953248,43.98713826366559,25.53191489361702,25.53191489361702,25.53191489361702,27.659574468085108,27.659574468085108,25.53191489361702,44.680851063829785,34.04255319148936,51.06382978723404,40.42553191489361,34.04255319148936,40.42553191489361,48.93617021276596,21.27659574468085,48.93617021276596,38.297872340425535,36.17021276595745,48.93617021276596,NA,NA,NA,NA,NA,NA,NA,NA,NA,NA,NA,NA,NA,NA,NA,NA,NA,NA
8473461,2165,0,1556,0,143,0,870.603939011693,0,727.603939011693,0,NA,NA,NA,NA,3030,0,58,3224.616666666667,0,0,3060.8620689655177,2199.862068965517,202.17241379310346,1230.853844809635,1028.6814310165314,4283.793103448275,0,0,0,0,0,0,40.2838580296366,28.952278565410875,2.6607813848674517,16.19920807352861,13.538426688661156,56.37879437865999,0,0,0,0,0,0,61.702127659574465,61.702127659574465,72.3404255319149,61.702127659574465,61.702127659574465,63.829787234042556,23.404255319148938,31.914893617021278,55.319148936170215,34.04255319148936,29.78723404255319,53.191489361702125,27.659574468085108,23.404255319148938,57.446808510638306,34.04255319148936,31.914893617021278,61.702127659574465,NA,NA,NA,NA,NA,NA,NA,NA,NA,NA,NA,NA,NA,NA,NA,NA,NA,NA
8473499,211,0,145,0,18,0,80.44267889857292,0,62.44267889857292,0,NA,NA,NA,NA,268,0,7,313.1166666666667,0,0,2471.714285714286,1698.5714285714287,210.85714285714286,942.3285242404256,731.4713813832828,3139.4285714285716,0,0,0,0,0,0,40.432213764837385,27.7851705966892,3.449193591313142,15.414576251389922,11.965382660076783,51.354660137329,0,0,0,0,0,0,NA,NA,NA,NA,NA,NA,NA,NA,NA,NA,NA,NA,NA,NA,NA,NA,NA,NA,NA,NA,NA,NA,NA,NA,NA,NA,NA,NA,NA,NA,NA,NA,NA,NA,NA,NA
8473503,1635,0,1222,0,98,0,685.3092633709311,0,587.3092633709311,0,NA,NA,NA,NA,2068,0,43,2324.5833333333335,0,0,3117.906976744186,2330.3255813953488,186.88372093023256,1306.8688278236361,1119.9851068934036,3943.6279069767443,0,0,0,0,0,0,42.201111310270655,31.54113640437354,2.5294855708908406,17.688570339740828,15.159084768849988,53.37730776124753,0,0,0,0,0,0,38.297872340425535,38.297872340425535,36.17021276595745,40.42553191489361,38.297872340425535,34.04255319148936,31.914893617021278,51.06382978723404,29.78723404255319,61.702127659574465,63.829787234042556,12.76595744680851,61.702127659574465,80.85106382978722,40.42553191489361,82.97872340425532,89.36170212765957,23.404255319148938,NA,NA,NA,NA,NA,NA,NA,NA,NA,NA,NA,NA,NA,NA,NA,NA,NA,NA
8473523,190,0,141,0,18,0,76.08909024298191,0,58.08909024298191,0,NA,NA,NA,NA,243,0,6,274.43333333333334,0,0,2596.666666666667,1927,246,1039.8842333207526,793.8842333207527,3321,0,0,0,0,0,0,41.54014332564071,30.827158994291267,3.9353819992712253,16.635535337953048,12.700153338681822,53.12765699016155,0,0,0,0,0,0,NA,NA,NA,NA,NA,NA,NA,NA,NA,NA,NA,NA,NA,NA,NA,NA,NA,NA,NA,NA,NA,NA,NA,NA,NA,NA,NA,NA,NA,NA,NA,NA,NA,NA,NA,NA
8473541,1489,129,982,79,83,10,516.8222594335675,43.23406434059143,433.8222594335675,33.23406434059143,NA,NA,NA,NA,1990,179,39,1993.1833333333334,4,182.58333333333334,3130.717948717949,2064.7179487179487,174.51282051282053,1086.6519300910907,912.1391095782702,4184.102564102564,2644.5,1619.5,205,886.2983189821243,681.2983189821243,3669.5,44.82277094430182,29.560752899465676,2.498515774598423,15.557693588655026,13.059177814056602,59.904173390974236,42.39160200821543,25.960748516659056,3.2861706983112735,14.207451540495587,10.921280842184313,58.82245549977179,29.78723404255319,27.659574468085108,23.404255319148938,25.53191489361702,25.53191489361702,29.78723404255319,34.04255319148936,12.76595744680851,19.148936170212767,6.382978723404255,8.51063829787234,31.914893617021278,87.2340425531915,44.680851063829785,38.297872340425535,21.27659574468085,19.148936170212767,82.97872340425532,NA,NA,NA,NA,NA,NA,NA,NA,NA,NA,NA,NA,NA,NA,NA,NA,NA,NA
8473553,301,0,223,0,27,0,119.58738641440868,0,92.58738641440868,0,NA,NA,NA,NA,414,0,13,550.4,0,0,1898.6153846153845,1406.6153846153845,170.30769230769232,754.3204373831933,584.0127450755009,2611.3846153846152,0,0,0,0,0,0,32.8125,24.309593023255815,2.9433139534883725,13.036415670175366,10.093101716686995,45.13081395348838,0,0,0,0,0,0,NA,NA,NA,NA,NA,NA,NA,NA,NA,NA,NA,NA,NA,NA,NA,NA,NA,NA,NA,NA,NA,NA,NA,NA,NA,NA,NA,NA,NA,NA,NA,NA,NA,NA,NA,NA
8473575,981,0,745,0,76,0,423.16178695112467,0,347.16178695112467,0,NA,NA,NA,NA,1320,0,24,1347.7833333333333,0,0,3351.75,2545.416666666667,259.66666666666663,1445.8027720830094,1186.1361054163426,4510,0,0,0,0,0,0,43.6717078660022,33.165568155118905,3.383333127233606,18.838122262777755,15.45478913554415,58.76315431511,0,0,0,0,0,0,NA,NA,NA,NA,NA,NA,NA,NA,NA,NA,NA,NA,NA,NA,NA,NA,NA,NA,NA,NA,NA,NA,NA,NA,NA,NA,NA,NA,NA,NA,NA,NA,NA,NA,NA,NA
8473607,818,0,586,0,64,0,324.8100472576916,0,260.8100472576916,0,NA,NA,NA,NA,1194,0,28,1363.6333333333334,0,0,2395.5714285714284,1716.142857142857,187.42857142857142,951.2294241118112,763.8008526832398,3496.714285714286,0,0,0,0,0,0,35.99207998239996,25.784057297905104,2.816006257791684,14.291673838613628,11.475667580821943,52.536116746926105,0,0,0,0,0,0,0,0,8.51063829787234,0,0,0,0,0,31.914893617021278,0,0,2.127659574468085,0,2.127659574468085,78.72340425531915,2.127659574468085,0,14.893617021276595,NA,NA,NA,NA,NA,NA,NA,NA,NA,NA,NA,NA,NA,NA,NA,NA,NA,NA
8473614,236,0,162,0,13,0,84.54925602674484,0,71.54925602674484,0,NA,NA,NA,NA,305,0,5,295.18333333333334,0,0,3870.4,2656.7999999999997,213.20000000000002,1386.6077988386153,1173.4077988386155,5002,0,0,0,0,0,0,47.97018801874541,32.92868838574897,2.6424256112020776,17.185778425627092,14.543352814425013,61.99537010897183,0,0,0,0,0,0,NA,NA,NA,NA,NA,NA,NA,NA,NA,NA,NA,NA,NA,NA,NA,NA,NA,NA,NA,NA,NA,NA,NA,NA,NA,NA,NA,NA,NA,NA,NA,NA,NA,NA,NA,NA
8474092,377,0,286,0,32,0,154.01555089652538,0,122.01555089652538,0,NA,NA,NA,NA,492,0,10,542.7166666666667,0,0,3091.4,2345.2000000000003,262.40000000000003,1262.9275173515082,1000.5275173515082,4034.4,0,0,0,0,0,0,41.67920646132113,31.61870834996775,3.5377575776187697,17.027177570478496,13.489419992859728,54.39302275588859,0,0,0,0,0,0,NA,NA,NA,NA,NA,NA,NA,NA,NA,NA,NA,NA,NA,NA,NA,NA,NA,NA,NA,NA,NA,NA,NA,NA,NA,NA,NA,NA,NA,NA,NA,NA,NA,NA,NA,NA
8474152,1145,0,877,0,67,0,483.824409969151,0,416.824409969151,0,NA,NA,NA,NA,1579,0,32,1688.5833333333333,0,0,2934.0625,2247.3125,171.6875,1239.8000505459495,1068.1125505459495,4046.1875,0,0,0,0,0,0,40.684992350589745,31.162216848442974,2.3806938755366924,17.191609099234505,14.81091522369781,56.106203424961755,0,0,0,0,0,0,14.893617021276595,17.02127659574468,14.893617021276595,21.27659574468085,23.404255319148938,17.02127659574468,12.76595744680851,40.42553191489361,12.76595744680851,38.297872340425535,51.06382978723404,21.27659574468085,34.04255319148936,70.2127659574468,21.27659574468085,63.829787234042556,68.08510638297872,55.319148936170215,NA,NA,NA,NA,NA,NA,NA,NA,NA,NA,NA,NA,NA,NA,NA,NA,NA,NA
8474550,1257,0,881,0,95,0,499.21195878088474,0,404.21195878088474,0,NA,NA,NA,NA,1742,0,37,1728.5,0,0,2785.783783783784,1952.4864864864865,210.54054054054055,1106.361638379258,895.8210978387175,3860.6486486486488,0,0,0,0,0,0,43.633207983800986,30.58142898466879,3.29765692797223,17.32873446737234,14.031077539400108,60.46861440555394,0,0,0,0,0,0,21.27659574468085,19.148936170212767,31.914893617021278,23.404255319148938,19.148936170212767,23.404255319148938,8.51063829787234,6.382978723404255,72.3404255319149,8.51063829787234,6.382978723404255,8.51063829787234,80.85106382978722,55.319148936170215,100,72.3404255319149,48.93617021276596,87.2340425531915,NA,NA,NA,NA,NA,NA,NA,NA,NA,NA,NA,NA,NA,NA,NA,NA,NA,NA
8474593,949,0,693,0,62,0,378.6468906775117,0,316.6468906775117,0,NA,NA,NA,NA,1233,0,26,1416.9666666666667,0,0,2993,2185.6153846153848,195.53846153846155,1194.1940398290753,998.6555782906138,3888.6923076923076,0,0,0,0,0,0,40.184431532146135,29.34437413253664,2.6253264014679245,16.03341417628081,13.408087774812888,52.21012020983792,0,0,0,0,0,0,6.382978723404255,8.51063829787234,6.382978723404255,4.25531914893617,6.382978723404255,2.127659574468085,17.02127659574468,25.53191489361702,44.680851063829785,25.53191489361702,25.53191489361702,10.638297872340425,25.53191489361702,38.297872340425535,53.191489361702125,29.78723404255319,27.659574468085108,8.51063829787234,NA,NA,NA,NA,NA,NA,NA,NA,NA,NA,NA,NA,NA,NA,NA,NA,NA,NA
8474596,2241,483,1620,336,138,22,874.0476231016219,190.98875539004803,736.0476231016219,168.98875539004803,NA,NA,NA,NA,3031,676,61,3418.3166666666666,11,674.9333333333333,3012.4918032786886,2177.7049180327867,185.50819672131146,1174.9492638415245,989.441067120213,4074.4590163934427,3600.5454545454545,2504.727272727273,164,1423.7343583621762,1259.7343583621762,5039.272727272727,39.33515034202995,28.43504844002165,2.4222448671129553,15.34172006282741,12.919475195714455,53.20162458129976,42.93757408139076,29.86961675227183,1.9557487159225604,16.978455141351564,15.022706425429003,60.09482418016594,65.95744680851064,68.08510638297872,61.702127659574465,65.95744680851064,65.95744680851064,65.95744680851064,19.148936170212767,23.404255319148938,25.53191489361702,19.148936170212767,21.27659574468085,25.53191489361702,14.893617021276595,19.148936170212767,34.04255319148936,17.02127659574468,14.893617021276595,21.27659574468085,53.333333333333336,53.333333333333336,53.333333333333336,53.333333333333336,60,53.333333333333336,60,46.666666666666664,20,53.333333333333336,73.33333333333333,60,66.66666666666666,53.333333333333336,33.33333333333333,66.66666666666666,80,60
8474636,931,0,691,0,67,0,380.7596907764673,0,313.7596907764673,0,NA,NA,NA,NA,1262,0,28,1378.3333333333333,0,0,2726.5,2023.642857142857,196.21428571428572,1115.0819515596543,918.8676658453686,3695.8571428571427,0,0,0,0,0,0,40.52720677146313,30.079806529625152,2.916565900846433,16.574787022917562,13.65822112207113,54.93591293833133,0,0,0,0,0,0,4.25531914893617,6.382978723404255,14.893617021276595,6.382978723404255,4.25531914893617,4.25531914893617,4.25531914893617,8.51063829787234,46.808510638297875,10.638297872340425,10.638297872340425,4.25531914893617,29.78723404255319,51.06382978723404,87.2340425531915,48.93617021276596,38.297872340425535,42.5531914893617,NA,NA,NA,NA,NA,NA,NA,NA,NA,NA,NA,NA,NA,NA,NA,NA,NA,NA
8474651,2428,519,1690,365,127,33,929.1227376461029,199.76590475440025,802.1227376461029,166.76590475440025,NA,NA,NA,NA,3251,724,63,3680.1666666666665,13,803.45,3160.253968253968,2199.6825396825398,165.3015873015873,1209.3343569361975,1044.03276963461,4231.460317460317,3273.6923076923076,2302.3076923076924,208.15384615384613,1260.0618607585247,1051.9080146046786,4566.7692307692305,39.58516371541145,27.553099950183416,2.0705583986232505,15.14805423452729,13.077495835904037,53.003034282867624,38.75785674279669,27.257452237226957,2.464372394050656,14.918108513615053,12.453736119564397,54.0668367664447,80.85106382978722,72.3404255319149,55.319148936170215,74.46808510638297,78.72340425531915,82.97872340425532,40.42553191489361,29.78723404255319,6.382978723404255,29.78723404255319,36.17021276595745,42.5531914893617,19.148936170212767,10.638297872340425,2.127659574468085,10.638297872340425,21.27659574468085,19.148936170212767,60,60,66.66666666666666,60,53.333333333333336,60,26.666666666666668,26.666666666666668,73.33333333333333,0,0,26.666666666666668,33.33333333333333,20,60,6.666666666666667,0,20
8474682,7,0,5,0,0,0,3.2636024355888367,0,3.2636024355888367,0,NA,NA,NA,NA,8,0,1,9.783333333333333,0,0,574,410,0,267.6153997182846,267.6153997182846,656,0,0,0,0,0,0,42.93015332197615,30.66439522998296,0,20.01527899168622,20.01527899168622,49.06303236797274,0,0,0,0,0,0,NA,NA,NA,NA,NA,NA,NA,NA,NA,NA,NA,NA,NA,NA,NA,NA,NA,NA,NA,NA,NA,NA,NA,NA,NA,NA,NA,NA,NA,NA,NA,NA,NA,NA,NA,NA
8474889,2489,245,1725,168,152,11,935.1240783929825,93.88025765866041,783.1240783929825,82.88025765866041,NA,NA,NA,NA,3527,380,65,3800.35,6,377.01666666666665,3139.9692307692308,2176.153846153846,191.75384615384615,1179.694991203455,987.9411450496086,4449.446153846154,3348.3333333333335,2296,150.33333333333331,1283.0301880016923,1132.6968546683588,5193.333333333334,39.296380596524,27.234333679792652,2.3997789677266566,14.763757207514821,12.363978239788164,55.68434486297315,38.99031873038327,26.736218557977104,1.7505857389151673,14.94049456572112,13.189908826805954,60.47478007161488,87.2340425531915,78.72340425531915,87.2340425531915,76.59574468085107,72.3404255319149,95.74468085106383,38.297872340425535,21.27659574468085,36.17021276595745,21.27659574468085,19.148936170212767,65.95744680851064,12.76595744680851,6.382978723404255,27.659574468085108,8.51063829787234,8.51063829787234,51.06382978723404,20,13.333333333333334,6.666666666666667,20,20,33.33333333333333,33.33333333333333,20,6.666666666666667,20,20,80,40,6.666666666666667,6.666666666666667,13.333333333333334,13.333333333333334,66.66666666666666
8475195,1196,0,858,0,66,0,459.8479219228029,0,393.8479219228029,0,NA,NA,NA,NA,1550,0,26,1484.25,0,0,3772,2706,208.15384615384613,1450.2895999103785,1242.1357537565323,4888.461538461538,0,0,0,0,0,0,48.34765032844871,34.684183931278426,2.668014148559879,18.5891024526651,15.921088304105224,62.65790803436079,0,0,0,0,0,0,17.02127659574468,14.893617021276595,12.76595744680851,14.893617021276595,14.893617021276595,14.893617021276595,97.87234042553192,97.87234042553192,65.95744680851064,93.61702127659575,93.61702127659575,93.61702127659575,97.87234042553192,100,59.57446808510638,95.74468085106383,97.87234042553192,93.61702127659575,NA,NA,NA,NA,NA,NA,NA,NA,NA,NA,NA,NA,NA,NA,NA,NA,NA,NA
8475215,2566,0,1912,0,152,0,1060.604207150638,0,908.6042071506381,0,NA,NA,NA,NA,3327,0,59,3405.4666666666667,0,0,3566.305084745763,2657.35593220339,211.25423728813558,1474.060084514446,1262.8058472263106,4623.966101694915,0,0,0,0,0,0,45.20966289495321,33.687013037860694,2.678047061587252,18.68649987149239,16.008452809905137,58.61751693355781,0,0,0,0,0,0,91.48936170212765,95.74468085106383,87.2340425531915,95.74468085106383,93.61702127659575,85.1063829787234,91.48936170212765,95.74468085106383,74.46808510638297,95.74468085106383,100,89.36170212765957,89.36170212765957,95.74468085106383,63.829787234042556,100,100,76.59574468085107,NA,NA,NA,NA,NA,NA,NA,NA,NA,NA,NA,NA,NA,NA,NA,NA,NA,NA
8475234,365,0,271,0,30,0,146.92696268856525,0,116.92696268856525,0,NA,NA,NA,NA,472,0,14,526.8166666666667,0,0,2137.857142857143,1587.2857142857142,175.71428571428572,860.572210033025,684.8579243187394,2764.5714285714284,0,0,0,0,0,0,41.57043879907621,30.86462716314973,3.4167483944446198,16.73374879555933,13.31700040111471,53.75684140592868,0,0,0,0,0,0,NA,NA,NA,NA,NA,NA,NA,NA,NA,NA,NA,NA,NA,NA,NA,NA,NA,NA,NA,NA,NA,NA,NA,NA,NA,NA,NA,NA,NA,NA,NA,NA,NA,NA,NA,NA
8475311,791,0,562,0,55,0,290.3364596143365,0,235.3364596143365,0,NA,NA,NA,NA,1049,0,18,1053.0333333333333,0,0,3603.4444444444443,2560.222222222222,250.55555555555554,1322.6438715764218,1072.0883160208664,4778.777777777778,0,0,0,0,0,0,45.06979836029249,32.02177835459466,3.133803931499478,16.542864338128126,13.409060406628651,59.770187711690035,0,0,0,0,0,0,NA,NA,NA,NA,NA,NA,NA,NA,NA,NA,NA,NA,NA,NA,NA,NA,NA,NA,NA,NA,NA,NA,NA,NA,NA,NA,NA,NA,NA,NA,NA,NA,NA,NA,NA,NA
8475361,196,0,139,0,17,0,72.74426750838757,0,55.744267508387566,0,NA,NA,NA,NA,274,0,7,328.96666666666664,0,0,2296,1628.2857142857142,199.14285714285714,852.147133669683,653.0042765268258,3209.714285714286,0,0,0,0,0,0,35.748302766237714,25.35211267605634,3.100618097071639,13.267776017336876,10.167157920265238,49.974668152801705,0,0,0,0,0,0,NA,NA,NA,NA,NA,NA,NA,NA,NA,NA,NA,NA,NA,NA,NA,NA,NA,NA,NA,NA,NA,NA,NA,NA,NA,NA,NA,NA,NA,NA,NA,NA,NA,NA,NA,NA
8475622,930,0,663,0,58,0,356.0855339169502,0,298.0855339169502,0,NA,NA,NA,NA,1278,0,30,1459.05,0,0,2542,1812.2,158.53333333333333,973.3004593729974,814.7671260396639,3493.2000000000003,0,0,0,0,0,0,38.2440629176519,27.264315821938933,2.3851136013159246,14.643180175468295,12.25806657415237,52.55474452554745,0,0,0,0,0,0,2.127659574468085,2.127659574468085,2.127659574468085,2.127659574468085,2.127659574468085,8.51063829787234,2.127659574468085,2.127659574468085,2.127659574468085,2.127659574468085,2.127659574468085,0,6.382978723404255,8.51063829787234,23.404255319148938,6.382978723404255,6.382978723404255,17.02127659574468,NA,NA,NA,NA,NA,NA,NA,NA,NA,NA,NA,NA,NA,NA,NA,NA,NA,NA
8475660,2905,637,2119,437,171,33,1162.0311218872666,234.9162581562996,991.0311218872666,201.9162581562996,NA,NA,NA,NA,4033,859,73,4294,13,799.3833333333333,3263.150684931507,2380.246575342466,192.08219178082192,1305.2952328048748,1113.213041024053,4530.219178082192,4018,2756.461538461538,208.15384615384613,1481.7794745243514,1273.6256283705052,5418.307692307692,40.59152305542618,29.60875640428505,2.3893805309734515,16.237044087851885,13.847663556878434,56.35305076851421,47.81185497154056,32.80028355190459,2.4769092842399347,17.632310934734658,15.155401650494726,64.47469924733649,97.87234042553192,100,100,100,100,100,61.702127659574465,63.829787234042556,40.42553191489361,59.57446808510638,59.57446808510638,80.85106382978722,31.914893617021278,46.808510638297875,25.53191489361702,36.17021276595745,42.5531914893617,59.57446808510638,73.33333333333333,73.33333333333333,66.66666666666666,73.33333333333333,73.33333333333333,73.33333333333333,93.33333333333333,86.66666666666667,73.33333333333333,80,86.66666666666667,86.66666666666667,100,86.66666666666667,66.66666666666666,80,86.66666666666667,93.33333333333333
8475663,738,0,492,0,48,0,259.0833972096443,0,211.08339720964432,0,NA,NA,NA,NA,979,0,20,1089.85,0,0,3025.7999999999997,2017.2,196.79999999999998,1062.2419285595417,865.4419285595417,4013.9,0,0,0,0,0,0,40.629444418956744,27.086296279304495,2.6425654906638534,14.263434263961702,11.620868773297847,53.89732531999817,0,0,0,0,0,0,NA,NA,NA,NA,NA,NA,NA,NA,NA,NA,NA,NA,NA,NA,NA,NA,NA,NA,NA,NA,NA,NA,NA,NA,NA,NA,NA,NA,NA,NA,NA,NA,NA,NA,NA,NA
8475683,2561,225,1854,170,127,20,1049.4478139653802,91.81655286252499,922.4478139653802,71.81655286252499,NA,NA,NA,NA,3457,308,63,3707.0666666666666,5,309.26666666666665,3333.3650793650795,2413.142857142857,165.3015873015873,1365.9479483358916,1200.6463610343044,4499.587301587301,3690,2788,328,1505.7914669454096,1177.7914669454096,5051.2,41.45056288889688,30.00755314174729,2.055533575513434,16.98563163271665,14.930098057203217,55.95259504370032,43.65164906229791,32.98124595818065,3.8801465833153697,17.813084194066068,13.932937610750699,59.7542573830567,89.36170212765957,93.61702127659575,55.319148936170215,93.61702127659575,95.74468085106383,93.61702127659575,74.46808510638297,70.2127659574468,6.382978723404255,74.46808510638297,89.36170212765957,72.3404255319149,46.808510638297875,48.93617021276596,0,59.57446808510638,80.85106382978722,53.191489361702125,13.333333333333334,20,46.666666666666664,13.333333333333334,13.333333333333334,13.333333333333334,80,93.33333333333333,100,93.33333333333333,40,66.66666666666666,73.33333333333333,93.33333333333333,100,93.33333333333333,53.333333333333336,53.333333333333336
8475717,1997,0,1461,0,140,0,843.8880560621619,0,703.8880560621619,0,NA,NA,NA,NA,2590,0,50,2820.266666666667,0,0,3275.08,2396.04,229.6,1383.9764119419456,1154.3764119419454,4247.5999999999995,0,0,0,0,0,0,42.485344175491676,31.082167170953102,2.9784417549167927,17.953367304650758,14.974925549733966,55.10117246596066,0,0,0,0,0,0,51.06382978723404,53.191489361702125,68.08510638297872,59.57446808510638,59.57446808510638,46.808510638297875,68.08510638297872,65.95744680851064,93.61702127659575,85.1063829787234,78.72340425531915,46.808510638297875,70.2127659574468,65.95744680851064,91.48936170212765,87.2340425531915,85.1063829787234,46.808510638297875,NA,NA,NA,NA,NA,NA,NA,NA,NA,NA,NA,NA,NA,NA,NA,NA,NA,NA
8475789,10,0,5,0,0,0,3.095535308122635,0,3.095535308122635,0,NA,NA,NA,NA,10,0,1,20,0,0,820,410,0,253.83389526605606,253.83389526605606,820,0,0,0,0,0,0,30,15,0,9.286605924367905,9.286605924367905,30,0,0,0,0,0,0,NA,NA,NA,NA,NA,NA,NA,NA,NA,NA,NA,NA,NA,NA,NA,NA,NA,NA,NA,NA,NA,NA,NA,NA,NA,NA,NA,NA,NA,NA,NA,NA,NA,NA,NA,NA
8475831,829,13,585,9,43,2,305.6821083649993,5.151150703430176,262.6821083649993,3.151150703430176,NA,NA,NA,NA,1116,17,24,1264.5666666666666,1,18.566666666666666,2832.4166666666665,1998.75,146.91666666666669,1044.413870247081,897.4972035804143,3813,1066,738,164,422.3943576812744,258.3943576812744,1394,39.333632074228326,27.756543743574877,2.0402245828610592,14.503724465745808,12.46349988288475,52.950944987742844,42.010771992818675,29.08438061041293,6.4631956912028725,16.646447515573282,10.183251824370407,54.93716337522442,NA,NA,NA,NA,NA,NA,NA,NA,NA,NA,NA,NA,NA,NA,NA,NA,NA,NA,NA,NA,NA,NA,NA,NA,NA,NA,NA,NA,NA,NA,NA,NA,NA,NA,NA,NA
8475839,1262,0,888,0,82,0,476.8901904299855,0,394.8901904299855,0,NA,NA,NA,NA,1674,0,31,1598.6833333333334,0,0,3338.193548387097,2348.9032258064517,216.90322580645162,1261.4514714599616,1044.54824565351,4428,0,0,0,0,0,0,47.363976605748476,33.327425694060736,3.0775325528299327,17.898110794799344,14.82057824196941,62.82670113947936,0,0,0,0,0,0,23.404255319148938,23.404255319148938,21.27659574468085,17.02127659574468,17.02127659574468,19.148936170212767,76.59574468085107,55.319148936170215,82.97872340425532,42.5531914893617,38.297872340425535,63.829787234042556,95.74468085106383,91.48936170212765,97.87234042553192,85.1063829787234,70.2127659574468,95.74468085106383,NA,NA,NA,NA,NA,NA,NA,NA,NA,NA,NA,NA,NA,NA,NA,NA,NA,NA
8475852,1992,0,1463,0,145,0,794.5383274108171,0,649.5383274108171,0,NA,NA,NA,NA,2592,0,50,2857.516666666667,0,0,3266.88,2399.32,237.79999999999998,1303.04285695374,1065.24285695374,4250.88,0,0,0,0,0,0,41.826527695959776,30.718980933327884,3.044601664615546,16.683122167143626,13.63852050252808,54.424879411610306,0,0,0,0,0,0,48.93617021276596,55.319148936170215,76.59574468085107,48.93617021276596,44.680851063829785,48.93617021276596,63.829787234042556,68.08510638297872,100,57.446808510638306,44.680851063829785,48.93617021276596,53.191489361702125,57.446808510638306,95.74468085106383,51.06382978723404,34.04255319148936,34.04255319148936,NA,NA,NA,NA,NA,NA,NA,NA,NA,NA,NA,NA,NA,NA,NA,NA,NA,NA
8475876,206,0,155,0,22,0,80.76590803265572,0,58.765908032655716,0,NA,NA,NA,NA,292,0,8,332.6166666666667,0,0,2111.5,1588.75,225.5,827.8505573347211,602.3505573347211,2993,0,0,0,0,0,0,37.159893771608964,27.960114245628098,3.9685323445407623,14.56918719835449,10.600654853813728,52.67324748208649,0,0,0,0,0,0,NA,NA,NA,NA,NA,NA,NA,NA,NA,NA,NA,NA,NA,NA,NA,NA,NA,NA,NA,NA,NA,NA,NA,NA,NA,NA,NA,NA,NA,NA,NA,NA,NA,NA,NA,NA
8475883,2922,306,2052,211,169,18,1113.6931619122624,111.4173566699028,944.6931619122624,93.4173566699028,NA,NA,NA,NA,3844,422,66,3799.3333333333335,6,402.76666666666665,3630.3636363636365,2549.4545454545455,209.96969696969697,1383.6793829819019,1173.7096860122049,4775.878787878788,4182,2883.6666666666665,246,1522.7038744886715,1276.7038744886718,5767.333333333333,46.14493770836989,32.405685207931214,2.6688892788208456,17.58771443623506,14.918825157414217,60.705386909984206,45.58470578498718,31.432591243896383,2.6814532814698335,16.597802036400317,13.916348754930484,62.865182487792765,100,97.87234042553192,97.87234042553192,97.87234042553192,97.87234042553192,97.87234042553192,95.74468085106383,87.2340425531915,70.2127659574468,82.97872340425532,80.85106382978722,91.48936170212765,93.61702127659575,85.1063829787234,61.702127659574465,78.72340425531915,78.72340425531915,89.36170212765957,40,40,33.33333333333333,40,40,40,100,100,86.66666666666667,100,93.33333333333333,100,86.66666666666667,73.33333333333333,86.66666666666667,53.333333333333336,46.666666666666664,86.66666666666667
8476234,1052,0,779,0,65,0,431.00811709463596,0,366.00811709463596,0,NA,NA,NA,NA,1401,0,26,1476.0833333333333,0,0,3317.846153846154,2456.846153846154,205,1359.3332923753903,1154.3332923753903,4418.538461538462,0,0,0,0,0,0,42.761813357421104,31.664878902500988,2.642127251171456,17.519666025412857,14.8775387742414,56.948004290633996,0,0,0,0,0,0,10.638297872340425,10.638297872340425,10.638297872340425,12.76595744680851,12.76595744680851,10.638297872340425,72.3404255319149,78.72340425531915,61.702127659574465,72.3404255319149,74.46808510638297,61.702127659574465,74.46808510638297,82.97872340425532,55.319148936170215,76.59574468085107,76.59574468085107,68.08510638297872,NA,NA,NA,NA,NA,NA,NA,NA,NA,NA,NA,NA,NA,NA,NA,NA,NA,NA
8476316,213,14,153,8,11,2,78.94432319700718,5.4565280973911285,67.94432319700718,3.4565280973911285,NA,NA,NA,NA,306,23,8,332.45,1,27.133333333333333,2183.25,1568.25,112.75,809.1793127693236,696.4293127693236,3136.5,1148,656,164,447.43530398607254,283.43530398607254,1886,38.441870958038805,27.61317491352083,1.9852609414949616,14.247734672343,12.26247373084804,55.22634982704166,30.95823095823096,17.69041769041769,4.422604422604422,12.06603264779365,7.643428225189227,50.85995085995086,NA,NA,NA,NA,NA,NA,NA,NA,NA,NA,NA,NA,NA,NA,NA,NA,NA,NA,NA,NA,NA,NA,NA,NA,NA,NA,NA,NA,NA,NA,NA,NA,NA,NA,NA,NA
8476341,39,0,27,0,4,0,13.86560270190239,0,9.86560270190239,0,NA,NA,NA,NA,51,0,1,58.583333333333336,0,0,3198,2214,328,1136.979421555996,808.9794215559959,4182,0,0,0,0,0,0,39.94310099573257,27.652916073968704,4.096728307254622,14.200901771507425,10.104173464252803,52.23328591749644,0,0,0,0,0,0,NA,NA,NA,NA,NA,NA,NA,NA,NA,NA,NA,NA,NA,NA,NA,NA,NA,NA,NA,NA,NA,NA,NA,NA,NA,NA,NA,NA,NA,NA,NA,NA,NA,NA,NA,NA
8476433,42,0,28,0,2,0,16.623917877674103,0,14.623917877674103,0,NA,NA,NA,NA,66,0,2,78.51666666666667,0,0,1722,1148,82,681.5806329846382,599.5806329846382,2706,0,0,0,0,0,0,32.09509658246657,21.396731054977714,1.5283379324984079,12.70348213959388,11.175144207095473,50.43515177244746,0,0,0,0,0,0,NA,NA,NA,NA,NA,NA,NA,NA,NA,NA,NA,NA,NA,NA,NA,NA,NA,NA,NA,NA,NA,NA,NA,NA,NA,NA,NA,NA,NA,NA,NA,NA,NA,NA,NA,NA
8476434,2009,661,1438,466,109,38,809.8301180005074,260.4879433065653,700.8301180005074,222.48794330656528,NA,NA,NA,NA,2660,887,52,2950.35,16,878.7166666666667,3168.038461538462,2267.6153846153848,171.8846153846154,1277.0398014623386,1105.155186077723,4194.615384615385,3387.625,2388.25,194.75,1335.000709446147,1140.250709446147,4545.875,40.856169606995785,29.24398800142356,2.216686155879811,16.469167075103105,14.252480919223293,54.09527683156236,45.134002238112394,31.819130170893157,2.594693018227339,17.786480206051152,15.191787187823815,60.56559755704342,53.191489361702125,46.808510638297875,42.5531914893617,53.191489361702125,57.446808510638306,51.06382978723404,42.5531914893617,42.5531914893617,14.893617021276595,48.93617021276596,57.446808510638306,34.04255319148936,38.297872340425535,36.17021276595745,8.51063829787234,46.808510638297875,55.319148936170215,25.53191489361702,86.66666666666667,80,86.66666666666667,80,80,80,46.666666666666664,33.33333333333333,40,33.33333333333333,33.33333333333333,20,80,80,80,86.66666666666667,93.33333333333333,73.33333333333333
8476876,23,0,16,0,3,0,10.937139987945557,0,7.937139987945557,0,NA,NA,NA,NA,25,0,1,30.6,0,0,1886,1312,246,896.8454790115356,650.8454790115356,2050,0,0,0,0,0,0,45.09803921568627,31.372549019607845,5.88235294117647,21.445372525383444,15.563019584206973,49.01960784313725,0,0,0,0,0,0,NA,NA,NA,NA,NA,NA,NA,NA,NA,NA,NA,NA,NA,NA,NA,NA,NA,NA,NA,NA,NA,NA,NA,NA,NA,NA,NA,NA,NA,NA,NA,NA,NA,NA,NA,NA
8476883,1979,0,1480,0,123,0,823.3484926745296,0,700.3484926745296,0,NA,NA,NA,NA,2559,0,50,2831.266666666667,0,0,3245.56,2427.2000000000003,201.72,1350.2915279862286,1148.5715279862286,4196.76,0,0,0,0,0,0,41.93882596717605,31.364053780404525,2.606607172290376,17.44834216503983,14.841734992749453,54.23014434057782,0,0,0,0,0,0,46.808510638297875,57.446808510638306,51.06382978723404,55.319148936170215,55.319148936170215,44.680851063829785,55.319148936170215,74.46808510638297,53.191489361702125,70.2127659574468,72.3404255319149,36.17021276595745,55.319148936170215,74.46808510638297,51.06382978723404,74.46808510638297,72.3404255319149,29.78723404255319,NA,NA,NA,NA,NA,NA,NA,NA,NA,NA,NA,NA,NA,NA,NA,NA,NA,NA
8476899,1946,410,1450,303,111,19,796.3250536769629,171.3654446825385,685.3250536769629,152.3654446825385,NA,NA,NA,NA,2704,575,49,2765.8,11,668.9166666666666,3256.5714285714284,2426.530612244898,185.75510204081633,1332.6256000308358,1146.8704979900194,4525.061224489796,3056.3636363636365,2258.727272727273,141.63636363636363,1277.451496724378,1135.8151330880144,4286.363636363636,42.21563381300166,31.455636705474003,2.4079832236604237,17.275111439951466,14.867128216291045,58.65933907007013,36.77588140027408,27.178273327519623,1.7042481624517254,15.371012853049423,13.666764690597699,51.57593123209169,44.680851063829785,48.93617021276596,44.680851063829785,51.06382978723404,53.191489361702125,53.191489361702125,59.57446808510638,72.3404255319149,27.659574468085108,65.95744680851064,68.08510638297872,78.72340425531915,63.829787234042556,78.72340425531915,29.78723404255319,65.95744680851064,74.46808510638297,78.72340425531915,46.666666666666664,46.666666666666664,40,46.666666666666664,46.666666666666664,46.666666666666664,6.666666666666667,13.333333333333334,0,13.333333333333334,26.666666666666668,13.333333333333334,6.666666666666667,13.333333333333334,0,26.666666666666668,33.33333333333333,6.666666666666667
8476903,46,0,28,0,1,0,12.507095247507095,0,11.507095247507095,0,NA,NA,NA,NA,57,0,1,60,0,0,3772,2296,82,1025.5818102955818,943.5818102955818,4674,0,0,0,0,0,0,46,28,1,12.507095247507095,11.507095247507095,57,0,0,0,0,0,0,NA,NA,NA,NA,NA,NA,NA,NA,NA,NA,NA,NA,NA,NA,NA,NA,NA,NA,NA,NA,NA,NA,NA,NA,NA,NA,NA,NA,NA,NA,NA,NA,NA,NA,NA,NA
8476904,26,0,15,0,4,0,6.709180951118469,0,2.7091809511184692,0,NA,NA,NA,NA,39,0,1,40,0,0,2132,1230,328,550.1528379917145,222.15283799171448,3198,0,0,0,0,0,0,39,22.5,6,10.063771426677704,4.063771426677704,58.5,0,0,0,0,0,0,NA,NA,NA,NA,NA,NA,NA,NA,NA,NA,NA,NA,NA,NA,NA,NA,NA,NA,NA,NA,NA,NA,NA,NA,NA,NA,NA,NA,NA,NA,NA,NA,NA,NA,NA,NA
8476914,590,0,401,0,38,0,211.54987212270498,0,173.54987212270498,0,NA,NA,NA,NA,780,0,14,790.5166666666667,0,0,3455.714285714286,2348.714285714286,222.57142857142858,1239.0778224329863,1016.5063938615577,4568.571428571428,0,0,0,0,0,0,44.78083953532499,30.435790938415806,2.884189664987034,16.05657775804301,13.172388093055975,59.20178786026017,0,0,0,0,0,0,NA,NA,NA,NA,NA,NA,NA,NA,NA,NA,NA,NA,NA,NA,NA,NA,NA,NA,NA,NA,NA,NA,NA,NA,NA,NA,NA,NA,NA,NA,NA,NA,NA,NA,NA,NA
8476932,244,0,181,0,13,0,102.32392431050539,0,89.32392431050539,0,NA,NA,NA,NA,319,0,7,376.0833333333333,0,0,2858.285714285714,2120.285714285714,152.28571428571428,1198.6516847802059,1046.3659704944916,3736.8571428571427,0,0,0,0,0,0,38.92754265455351,28.876578772435188,2.0740084201196547,16.324667738436492,14.250659318316837,50.892975847551526,0,0,0,0,0,0,NA,NA,NA,NA,NA,NA,NA,NA,NA,NA,NA,NA,NA,NA,NA,NA,NA,NA,NA,NA,NA,NA,NA,NA,NA,NA,NA,NA,NA,NA,NA,NA,NA,NA,NA,NA
8476945,2144,0,1573,0,146,0,873.8669575080276,0,727.8669575080276,0,NA,NA,NA,NA,2874,0,56,3033.516666666667,0,0,3139.4285714285716,2303.3214285714284,213.78571428571428,1279.5909020653262,1065.8051877796117,4208.357142857143,0,0,0,0,0,0,42.4062281949992,31.112405294185518,2.88773755432364,17.28423582656487,14.396498272241232,56.84491596661739,0,0,0,0,0,0,59.57446808510638,63.829787234042556,78.72340425531915,63.829787234042556,63.829787234042556,59.57446808510638,36.17021276595745,46.808510638297875,80.85106382978722,51.06382978723404,46.808510638297875,38.297872340425535,68.08510638297872,68.08510638297872,85.1063829787234,68.08510638297872,59.57446808510638,65.95744680851064,NA,NA,NA,NA,NA,NA,NA,NA,NA,NA,NA,NA,NA,NA,NA,NA,NA,NA
8476986,11,0,8,0,1,0,3.647674471139908,0,2.647674471139908,0,NA,NA,NA,NA,18,0,1,15.516666666666667,0,0,902,656,82,299.10930663347244,217.10930663347244,1476,0,0,0,0,0,0,42.534908700322234,30.934479054779803,3.8668098818474754,14.10486369076656,10.238053808919085,69.60257787325456,0,0,0,0,0,0,NA,NA,NA,NA,NA,NA,NA,NA,NA,NA,NA,NA,NA,NA,NA,NA,NA,NA,NA,NA,NA,NA,NA,NA,NA,NA,NA,NA,NA,NA,NA,NA,NA,NA,NA,NA
8476992,127,0,87,0,14,0,43.62279210984707,0,29.62279210984707,0,NA,NA,NA,NA,160,0,4,177.58333333333334,0,0,2603.5,1783.5,287,894.2672382518649,607.2672382518649,3280,0,0,0,0,0,0,42.9094321914594,29.394650398873765,4.730173627404974,14.738812913697743,10.008639286292768,54.059127170342556,0,0,0,0,0,0,NA,NA,NA,NA,NA,NA,NA,NA,NA,NA,NA,NA,NA,NA,NA,NA,NA,NA,NA,NA,NA,NA,NA,NA,NA,NA,NA,NA,NA,NA,NA,NA,NA,NA,NA,NA
8476999,43,0,36,0,3,0,18.278508573770523,0,15.278508573770523,0,NA,NA,NA,NA,56,0,1,58.733333333333334,0,0,3526,2952,246,1498.837703049183,1252.837703049183,4592,0,0,0,0,0,0,43.927355278093074,36.776390465380246,3.064699205448354,18.67271023427182,15.608011028823464,57.20771850170261,0,0,0,0,0,0,NA,NA,NA,NA,NA,NA,NA,NA,NA,NA,NA,NA,NA,NA,NA,NA,NA,NA,NA,NA,NA,NA,NA,NA,NA,NA,NA,NA,NA,NA,NA,NA,NA,NA,NA,NA
8477180,759,0,533,0,37,0,282.9572753608227,0,245.95727536082268,0,NA,NA,NA,NA,1081,0,20,1110.55,0,0,3111.9,2185.2999999999997,151.70000000000002,1160.124828979373,1008.424828979373,4432.0999999999995,0,0,0,0,0,0,41.00670838773581,28.79654225383819,1.9990094997973975,15.287413013056018,13.28840351325862,58.403493764351005,0,0,0,0,0,0,NA,NA,NA,NA,NA,NA,NA,NA,NA,NA,NA,NA,NA,NA,NA,NA,NA,NA,NA,NA,NA,NA,NA,NA,NA,NA,NA,NA,NA,NA,NA,NA,NA,NA,NA,NA
8477202,123,0,86,0,14,0,48.4180446267128,0,34.4180446267128,0,NA,NA,NA,NA,160,0,6,205.65,0,0,1681,1175.3333333333335,191.33333333333334,661.7132765650749,470.3799432317416,2186.666666666667,0,0,0,0,0,0,35.886214442013134,25.091174325309993,4.0846097738876725,14.126344165342903,10.041734391455229,46.68125455871627,0,0,0,0,0,0,NA,NA,NA,NA,NA,NA,NA,NA,NA,NA,NA,NA,NA,NA,NA,NA,NA,NA,NA,NA,NA,NA,NA,NA,NA,NA,NA,NA,NA,NA,NA,NA,NA,NA,NA,NA
8477225,513,0,363,0,41,0,193.22136203944683,0,152.22136203944683,0,NA,NA,NA,NA,673,0,14,711.6666666666666,0,0,3004.714285714286,2126.142857142857,240.14285714285714,1131.72512051676,891.5822633739028,3941.8571428571427,0,0,0,0,0,0,43.250585480093676,30.604215456674474,3.456674473067916,16.290325605199264,12.833651132131351,56.7400468384075,0,0,0,0,0,0,NA,NA,NA,NA,NA,NA,NA,NA,NA,NA,NA,NA,NA,NA,NA,NA,NA,NA,NA,NA,NA,NA,NA,NA,NA,NA,NA,NA,NA,NA,NA,NA,NA,NA,NA,NA
8477237,1628,40,1122,32,96,4,617.1829866319895,17.547847867012024,521.1829866319895,13.547847867012024,NA,NA,NA,NA,2239,53,41,2324.4166666666665,2,61.28333333333333,3256.0000000000005,2244,192,1234.365973263979,1042.365973263979,4478,1640,1312,164,719.461762547493,555.461762547493,2173,42.023446742910416,28.962105187681498,2.4780410855770265,15.931299981179238,13.453258895602211,57.79514573548919,39.16236062007071,31.32988849605657,3.916236062007071,17.180378656851587,13.264142594844516,51.89012782159369,36.17021276595745,31.914893617021278,34.04255319148936,31.914893617021278,31.914893617021278,38.297872340425535,57.446808510638306,38.297872340425535,38.297872340425535,36.17021276595745,31.914893617021278,70.2127659574468,59.57446808510638,25.53191489361702,36.17021276595745,27.659574468085108,29.78723404255319,70.2127659574468,NA,NA,NA,NA,NA,NA,NA,NA,NA,NA,NA,NA,NA,NA,NA,NA,NA,NA
8477293,1083,0,782,0,61,0,416.71878319978714,0,355.71878319978714,0,NA,NA,NA,NA,1469,0,30,1617.3333333333333,0,0,2960.2000000000003,2137.4666666666667,166.73333333333332,1139.0313407460849,972.2980074127515,4015.266666666667,0,0,0,0,0,0,40.17724649629019,29.010717230008243,2.262984336356142,15.45947670568048,13.196492369324337,54.49711459192086,0,0,0,0,0,0,12.76595744680851,12.76595744680851,4.25531914893617,10.638297872340425,10.638297872340425,12.76595744680851,14.893617021276595,17.02127659574468,10.638297872340425,14.893617021276595,17.02127659574468,17.02127659574468,23.404255319148938,29.78723404255319,17.02127659574468,19.148936170212767,25.53191489361702,36.17021276595745,NA,NA,NA,NA,NA,NA,NA,NA,NA,NA,NA,NA,NA,NA,NA,NA,NA,NA
8477312,87,0,55,0,4,0,31.398218348622322,0,27.398218348622322,0,NA,NA,NA,NA,115,0,2,120.65,0,0,3567,2255,164,1287.3269522935152,1123.3269522935152,4715,0,0,0,0,0,0,43.265644426025695,27.351844177372563,1.989225031081641,15.614530467611596,13.625305436529956,57.19021964359718,0,0,0,0,0,0,NA,NA,NA,NA,NA,NA,NA,NA,NA,NA,NA,NA,NA,NA,NA,NA,NA,NA,NA,NA,NA,NA,NA,NA,NA,NA,NA,NA,NA,NA,NA,NA,NA,NA,NA,NA
8477356,6,0,3,0,0,0,1.6101376712322235,0,1.6101376712322235,0,NA,NA,NA,NA,8,0,1,11.45,0,0,492,246,0,132.03128904104233,132.03128904104233,656,0,0,0,0,0,0,31.441048034934497,15.720524017467248,0,8.437402644011652,8.437402644011652,41.92139737991267,0,0,0,0,0,0,NA,NA,NA,NA,NA,NA,NA,NA,NA,NA,NA,NA,NA,NA,NA,NA,NA,NA,NA,NA,NA,NA,NA,NA,NA,NA,NA,NA,NA,NA,NA,NA,NA,NA,NA,NA
8477424,886,22,614,17,47,3,330.0962091088295,10.027311578392982,283.0962091088295,7.0273115783929825,NA,NA,NA,NA,1167,26,21,1199.9166666666667,2,56.53333333333333,3459.6190476190477,2397.5238095238096,183.52380952380952,1288.9471022344771,1105.4232927106675,4556.857142857143,902,697,123,411.1197747141123,288.1197747141123,1066,44.30307660254184,30.70213209250642,2.3501632057781787,16.5059567024347,14.15579349665652,58.354052364747545,23.349056603773583,18.04245283018868,3.1839622641509435,10.642193892162364,7.45823162801142,27.594339622641513,NA,NA,NA,NA,NA,NA,NA,NA,NA,NA,NA,NA,NA,NA,NA,NA,NA,NA,NA,NA,NA,NA,NA,NA,NA,NA,NA,NA,NA,NA,NA,NA,NA,NA,NA,NA
8477465,38,0,25,0,3,0,10.846227914094925,0,7.846227914094925,0,NA,NA,NA,NA,50,0,1,58.75,0,0,3116,2050,246,889.3906889557838,643.3906889557838,4100,0,0,0,0,0,0,38.808510638297875,25.53191489361702,3.0638297872340425,11.076998720777796,8.013168933543755,51.06382978723404,0,0,0,0,0,0,NA,NA,NA,NA,NA,NA,NA,NA,NA,NA,NA,NA,NA,NA,NA,NA,NA,NA,NA,NA,NA,NA,NA,NA,NA,NA,NA,NA,NA,NA,NA,NA,NA,NA,NA,NA
8477480,50,0,39,0,4,0,18.555635929107666,0,14.555635929107666,0,NA,NA,NA,NA,71,0,1,59.3,0,0,4100,3198,328,1521.5621461868286,1193.5621461868286,5822,0,0,0,0,0,0,50.59021922428331,39.46037099494098,4.0472175379426645,18.774673789990896,14.72745625204823,71.8381112984823,0,0,0,0,0,0,NA,NA,NA,NA,NA,NA,NA,NA,NA,NA,NA,NA,NA,NA,NA,NA,NA,NA,NA,NA,NA,NA,NA,NA,NA,NA,NA,NA,NA,NA,NA,NA,NA,NA,NA,NA
8477484,130,0,96,0,13,0,53.43571177124977,0,40.43571177124977,0,NA,NA,NA,NA,169,0,3,179.43333333333334,0,0,3553.3333333333335,2624,355.3333333333333,1460.5761217474937,1105.2427884141603,4619.333333333334,0,0,0,0,0,0,43.47018391231655,32.1010588890953,4.347018391231655,17.86815552447512,13.521137133243467,56.511239086011514,0,0,0,0,0,0,NA,NA,NA,NA,NA,NA,NA,NA,NA,NA,NA,NA,NA,NA,NA,NA,NA,NA,NA,NA,NA,NA,NA,NA,NA,NA,NA,NA,NA,NA,NA,NA,NA,NA,NA,NA
8477831,37,0,29,0,5,0,14.440533936023712,0,9.440533936023712,0,NA,NA,NA,NA,48,0,1,58.93333333333333,0,0,3034,2378,410,1184.1237827539444,774.1237827539444,3936,0,0,0,0,0,0,37.66968325791855,29.524886877828056,5.090497737556562,14.70190106608749,9.61140332853093,48.86877828054298,0,0,0,0,0,0,NA,NA,NA,NA,NA,NA,NA,NA,NA,NA,NA,NA,NA,NA,NA,NA,NA,NA,NA,NA,NA,NA,NA,NA,NA,NA,NA,NA,NA,NA,NA,NA,NA,NA,NA,NA
8477968,23,0,17,0,0,0,8.084469705820084,0,8.084469705820084,0,NA,NA,NA,NA,28,0,1,29.95,0,0,1886,1394,0,662.9265158772469,662.9265158772469,2296,0,0,0,0,0,0,46.07679465776294,34.05676126878131,0,16.195932632694657,16.195932632694657,56.09348914858097,0,0,0,0,0,0,NA,NA,NA,NA,NA,NA,NA,NA,NA,NA,NA,NA,NA,NA,NA,NA,NA,NA,NA,NA,NA,NA,NA,NA,NA,NA,NA,NA,NA,NA,NA,NA,NA,NA,NA,NA
8479292,80,0,59,0,3,0,30.773049354553223,0,27.773049354553223,0,NA,NA,NA,NA,93,0,2,121.7,0,0,3280,2419,123,1261.6950235366821,1138.6950235366821,3813,0,0,0,0,0,0,39.44124897288414,29.087921117502052,1.4790468364831553,15.171593765597315,13.69254692911416,45.85045193097781,0,0,0,0,0,0,NA,NA,NA,NA,NA,NA,NA,NA,NA,NA,NA,NA,NA,NA,NA,NA,NA,NA,NA,NA,NA,NA,NA,NA,NA,NA,NA,NA,NA,NA,NA,NA,NA,NA,NA,NA
8479496,13,0,10,0,1,0,5.124014988541603,0,4.124014988541603,0,NA,NA,NA,NA,21,0,1,20,0,0,1066,820,82,420.16922906041145,338.16922906041145,1722,0,0,0,0,0,0,39,30,3,15.37204496562481,12.37204496562481,63,0,0,0,0,0,0,NA,NA,NA,NA,NA,NA,NA,NA,NA,NA,NA,NA,NA,NA,NA,NA,NA,NA,NA,NA,NA,NA,NA,NA,NA,NA,NA,NA,NA,NA,NA,NA,NA,NA,NA,NA
8479115,0,0,0,0,0,0,0,0,0,0,NA,NA,NA,NA,0,0,1,0.13333333333333333,0,0,0,0,0,0,0,0,0,0,0,0,0,0,0,0,0,0,0,0,0,0,0,0,0,0,NA,NA,NA,NA,NA,NA,NA,NA,NA,NA,NA,NA,NA,NA,NA,NA,NA,NA,NA,NA,NA,NA,NA,NA,NA,NA,NA,NA,NA,NA,NA,NA,NA,NA,NA,NA
